........................................................................ [  1%]
........................................................................ [  3%]
..........................................EEEEEEEE...................... [  4%]
........................................................................ [  6%]
........................................................................ [  8%]
........................................................................ [  9%]
......................................................................ss [ 11%]
sss..................................................................... [ 12%]
........................................................................ [ 14%]
.......................EEE..ssssssss.................................... [ 16%]
........................................................................ [ 17%]
...............EEEEEEEEE......sssEEEEEEEEEE.EE.......................... [ 19%]
........................................................................ [ 21%]
...ssssssss............................................................. [ 22%]
........................................................................ [ 24%]
........................................................................ [ 25%]
........................................................................ [ 27%]
........................................................................ [ 29%]
.......................s................................................ [ 30%]
........................................................................ [ 32%]
........................................................................ [ 34%]
........................................................................ [ 35%]
........................................................................ [ 37%]
........................................................................ [ 38%]
........................................................................ [ 40%]
........................................................................ [ 42%]
...................................................................F.... [ 43%]
........................................................................ [ 45%]
........................................................................ [ 47%]
........................................................................ [ 48%]
........................................................................ [ 50%]
.....sssssss............................................................ [ 51%]
........................................................................ [ 53%]
........................................................................ [ 55%]
........................................................................ [ 56%]
........................................................................ [ 58%]
........................................................................ [ 60%]
........................................................................ [ 61%]
...EEEEEEEEEEEEEEEEEEEEEEEEEE........................................... [ 63%]
........................................................................ [ 64%]
..............................sssssssssssssssssss....................... [ 66%]
........................................................................ [ 68%]
........................................................................ [ 69%]
........................................................................ [ 71%]
........................................................................ [ 73%]
........................................................................ [ 74%]
........................................................................ [ 76%]
...................ssssssss............................................. [ 77%]
........................................................................ [ 79%]
........................................................................ [ 81%]
........................................................................ [ 82%]
........................................................................ [ 84%]
.............................EEEEEEEEEEEEEEEEEEEEEE..EEE................ [ 86%]
EEEEEEEEEEE............................................................. [ 87%]
........................................................................ [ 89%]
........................................................................ [ 90%]
.........................................................s..s........... [ 92%]
........................................................................ [ 94%]
.................................EEEEEEEEEEEEEEEEEEE.................... [ 95%]
........................................................................ [ 97%]
...........................................................EEEEEEEEE...E [ 99%]
E.E......................................                                [100%]
==================================== ERRORS ====================================
____ ERROR at setup of TestImportSigmaRulesPipeline.test_inserts_new_rules _____

    @pytest_asyncio.fixture
    async def session() -> AsyncSession:
        """In-memory SQLite session with the detection_rules schema.
    
        The ``@compiles`` overrides above let SQLAlchemy emit valid SQLite
        DDL for the PG-specific column types in :class:`DetectionRule`.
        """
>       engine = create_async_engine("sqlite+aiosqlite:///:memory:", future=True)
                 ^^^^^^^^^^^^^^^^^^^^^^^^^^^^^^^^^^^^^^^^^^^^^^^^^^^^^^^^^^^^^^^^

tests/services/detections/test_sigma_import.py:72: 
_ _ _ _ _ _ _ _ _ _ _ _ _ _ _ _ _ _ _ _ _ _ _ _ _ _ _ _ _ _ _ _ _ _ _ _ _ _ _ _ 
/usr/local/lib/python3.11/site-packages/sqlalchemy/ext/asyncio/engine.py:126: in create_async_engine
    sync_engine = _create_engine(url, **kw)
                  ^^^^^^^^^^^^^^^^^^^^^^^^^
<sqlalchemy generated warned() wrapper for sqlalchemy.engine.create.create_engine>:2: in create_engine
    return target(fn, url, **kwargs)
           ^^^^^^^^^^^^^^^^^^^^^^^^^
/usr/local/lib/python3.11/site-packages/sqlalchemy/util/deprecations.py:281: in warned
    return fn(*args, **kwargs)  # type: ignore[no-any-return]
           ^^^^^^^^^^^^^^^^^^^
/usr/local/lib/python3.11/site-packages/sqlalchemy/engine/create.py:602: in create_engine
    dbapi = dbapi_meth(**dbapi_args)
            ^^^^^^^^^^^^^^^^^^^^^^^^
_ _ _ _ _ _ _ _ _ _ _ _ _ _ _ _ _ _ _ _ _ _ _ _ _ _ _ _ _ _ _ _ _ _ _ _ _ _ _ _ 

cls = <class 'sqlalchemy.dialects.sqlite.aiosqlite.SQLiteDialect_aiosqlite'>

    @classmethod
    def import_dbapi(cls) -> AsyncAdapt_aiosqlite_dbapi:
        return AsyncAdapt_aiosqlite_dbapi(
>           __import__("aiosqlite"), __import__("sqlite3")
            ^^^^^^^^^^^^^^^^^^^^^^^
        )
E       ModuleNotFoundError: No module named 'aiosqlite'

/usr/local/lib/python3.11/site-packages/sqlalchemy/dialects/sqlite/aiosqlite.py:328: ModuleNotFoundError
__ ERROR at setup of TestImportSigmaRulesPipeline.test_reimport_is_idempotent __

    @pytest_asyncio.fixture
    async def session() -> AsyncSession:
        """In-memory SQLite session with the detection_rules schema.
    
        The ``@compiles`` overrides above let SQLAlchemy emit valid SQLite
        DDL for the PG-specific column types in :class:`DetectionRule`.
        """
>       engine = create_async_engine("sqlite+aiosqlite:///:memory:", future=True)
                 ^^^^^^^^^^^^^^^^^^^^^^^^^^^^^^^^^^^^^^^^^^^^^^^^^^^^^^^^^^^^^^^^

tests/services/detections/test_sigma_import.py:72: 
_ _ _ _ _ _ _ _ _ _ _ _ _ _ _ _ _ _ _ _ _ _ _ _ _ _ _ _ _ _ _ _ _ _ _ _ _ _ _ _ 
/usr/local/lib/python3.11/site-packages/sqlalchemy/ext/asyncio/engine.py:126: in create_async_engine
    sync_engine = _create_engine(url, **kw)
                  ^^^^^^^^^^^^^^^^^^^^^^^^^
<sqlalchemy generated warned() wrapper for sqlalchemy.engine.create.create_engine>:2: in create_engine
    return target(fn, url, **kwargs)
           ^^^^^^^^^^^^^^^^^^^^^^^^^
/usr/local/lib/python3.11/site-packages/sqlalchemy/util/deprecations.py:281: in warned
    return fn(*args, **kwargs)  # type: ignore[no-any-return]
           ^^^^^^^^^^^^^^^^^^^
/usr/local/lib/python3.11/site-packages/sqlalchemy/engine/create.py:602: in create_engine
    dbapi = dbapi_meth(**dbapi_args)
            ^^^^^^^^^^^^^^^^^^^^^^^^
_ _ _ _ _ _ _ _ _ _ _ _ _ _ _ _ _ _ _ _ _ _ _ _ _ _ _ _ _ _ _ _ _ _ _ _ _ _ _ _ 

cls = <class 'sqlalchemy.dialects.sqlite.aiosqlite.SQLiteDialect_aiosqlite'>

    @classmethod
    def import_dbapi(cls) -> AsyncAdapt_aiosqlite_dbapi:
        return AsyncAdapt_aiosqlite_dbapi(
>           __import__("aiosqlite"), __import__("sqlite3")
            ^^^^^^^^^^^^^^^^^^^^^^^
        )
E       ModuleNotFoundError: No module named 'aiosqlite'

/usr/local/lib/python3.11/site-packages/sqlalchemy/dialects/sqlite/aiosqlite.py:328: ModuleNotFoundError
___ ERROR at setup of TestImportSigmaRulesPipeline.test_update_bumps_version ___

    @pytest_asyncio.fixture
    async def session() -> AsyncSession:
        """In-memory SQLite session with the detection_rules schema.
    
        The ``@compiles`` overrides above let SQLAlchemy emit valid SQLite
        DDL for the PG-specific column types in :class:`DetectionRule`.
        """
>       engine = create_async_engine("sqlite+aiosqlite:///:memory:", future=True)
                 ^^^^^^^^^^^^^^^^^^^^^^^^^^^^^^^^^^^^^^^^^^^^^^^^^^^^^^^^^^^^^^^^

tests/services/detections/test_sigma_import.py:72: 
_ _ _ _ _ _ _ _ _ _ _ _ _ _ _ _ _ _ _ _ _ _ _ _ _ _ _ _ _ _ _ _ _ _ _ _ _ _ _ _ 
/usr/local/lib/python3.11/site-packages/sqlalchemy/ext/asyncio/engine.py:126: in create_async_engine
    sync_engine = _create_engine(url, **kw)
                  ^^^^^^^^^^^^^^^^^^^^^^^^^
<sqlalchemy generated warned() wrapper for sqlalchemy.engine.create.create_engine>:2: in create_engine
    return target(fn, url, **kwargs)
           ^^^^^^^^^^^^^^^^^^^^^^^^^
/usr/local/lib/python3.11/site-packages/sqlalchemy/util/deprecations.py:281: in warned
    return fn(*args, **kwargs)  # type: ignore[no-any-return]
           ^^^^^^^^^^^^^^^^^^^
/usr/local/lib/python3.11/site-packages/sqlalchemy/engine/create.py:602: in create_engine
    dbapi = dbapi_meth(**dbapi_args)
            ^^^^^^^^^^^^^^^^^^^^^^^^
_ _ _ _ _ _ _ _ _ _ _ _ _ _ _ _ _ _ _ _ _ _ _ _ _ _ _ _ _ _ _ _ _ _ _ _ _ _ _ _ 

cls = <class 'sqlalchemy.dialects.sqlite.aiosqlite.SQLiteDialect_aiosqlite'>

    @classmethod
    def import_dbapi(cls) -> AsyncAdapt_aiosqlite_dbapi:
        return AsyncAdapt_aiosqlite_dbapi(
>           __import__("aiosqlite"), __import__("sqlite3")
            ^^^^^^^^^^^^^^^^^^^^^^^
        )
E       ModuleNotFoundError: No module named 'aiosqlite'

/usr/local/lib/python3.11/site-packages/sqlalchemy/dialects/sqlite/aiosqlite.py:328: ModuleNotFoundError
_ ERROR at setup of TestImportSigmaRulesPipeline.test_partial_failure_isolation _

    @pytest_asyncio.fixture
    async def session() -> AsyncSession:
        """In-memory SQLite session with the detection_rules schema.
    
        The ``@compiles`` overrides above let SQLAlchemy emit valid SQLite
        DDL for the PG-specific column types in :class:`DetectionRule`.
        """
>       engine = create_async_engine("sqlite+aiosqlite:///:memory:", future=True)
                 ^^^^^^^^^^^^^^^^^^^^^^^^^^^^^^^^^^^^^^^^^^^^^^^^^^^^^^^^^^^^^^^^

tests/services/detections/test_sigma_import.py:72: 
_ _ _ _ _ _ _ _ _ _ _ _ _ _ _ _ _ _ _ _ _ _ _ _ _ _ _ _ _ _ _ _ _ _ _ _ _ _ _ _ 
/usr/local/lib/python3.11/site-packages/sqlalchemy/ext/asyncio/engine.py:126: in create_async_engine
    sync_engine = _create_engine(url, **kw)
                  ^^^^^^^^^^^^^^^^^^^^^^^^^
<sqlalchemy generated warned() wrapper for sqlalchemy.engine.create.create_engine>:2: in create_engine
    return target(fn, url, **kwargs)
           ^^^^^^^^^^^^^^^^^^^^^^^^^
/usr/local/lib/python3.11/site-packages/sqlalchemy/util/deprecations.py:281: in warned
    return fn(*args, **kwargs)  # type: ignore[no-any-return]
           ^^^^^^^^^^^^^^^^^^^
/usr/local/lib/python3.11/site-packages/sqlalchemy/engine/create.py:602: in create_engine
    dbapi = dbapi_meth(**dbapi_args)
            ^^^^^^^^^^^^^^^^^^^^^^^^
_ _ _ _ _ _ _ _ _ _ _ _ _ _ _ _ _ _ _ _ _ _ _ _ _ _ _ _ _ _ _ _ _ _ _ _ _ _ _ _ 

cls = <class 'sqlalchemy.dialects.sqlite.aiosqlite.SQLiteDialect_aiosqlite'>

    @classmethod
    def import_dbapi(cls) -> AsyncAdapt_aiosqlite_dbapi:
        return AsyncAdapt_aiosqlite_dbapi(
>           __import__("aiosqlite"), __import__("sqlite3")
            ^^^^^^^^^^^^^^^^^^^^^^^
        )
E       ModuleNotFoundError: No module named 'aiosqlite'

/usr/local/lib/python3.11/site-packages/sqlalchemy/dialects/sqlite/aiosqlite.py:328: ModuleNotFoundError
_ ERROR at setup of TestImportSigmaRulesPipeline.test_skipped_rules_appear_in_report _

    @pytest_asyncio.fixture
    async def session() -> AsyncSession:
        """In-memory SQLite session with the detection_rules schema.
    
        The ``@compiles`` overrides above let SQLAlchemy emit valid SQLite
        DDL for the PG-specific column types in :class:`DetectionRule`.
        """
>       engine = create_async_engine("sqlite+aiosqlite:///:memory:", future=True)
                 ^^^^^^^^^^^^^^^^^^^^^^^^^^^^^^^^^^^^^^^^^^^^^^^^^^^^^^^^^^^^^^^^

tests/services/detections/test_sigma_import.py:72: 
_ _ _ _ _ _ _ _ _ _ _ _ _ _ _ _ _ _ _ _ _ _ _ _ _ _ _ _ _ _ _ _ _ _ _ _ _ _ _ _ 
/usr/local/lib/python3.11/site-packages/sqlalchemy/ext/asyncio/engine.py:126: in create_async_engine
    sync_engine = _create_engine(url, **kw)
                  ^^^^^^^^^^^^^^^^^^^^^^^^^
<sqlalchemy generated warned() wrapper for sqlalchemy.engine.create.create_engine>:2: in create_engine
    return target(fn, url, **kwargs)
           ^^^^^^^^^^^^^^^^^^^^^^^^^
/usr/local/lib/python3.11/site-packages/sqlalchemy/util/deprecations.py:281: in warned
    return fn(*args, **kwargs)  # type: ignore[no-any-return]
           ^^^^^^^^^^^^^^^^^^^
/usr/local/lib/python3.11/site-packages/sqlalchemy/engine/create.py:602: in create_engine
    dbapi = dbapi_meth(**dbapi_args)
            ^^^^^^^^^^^^^^^^^^^^^^^^
_ _ _ _ _ _ _ _ _ _ _ _ _ _ _ _ _ _ _ _ _ _ _ _ _ _ _ _ _ _ _ _ _ _ _ _ _ _ _ _ 

cls = <class 'sqlalchemy.dialects.sqlite.aiosqlite.SQLiteDialect_aiosqlite'>

    @classmethod
    def import_dbapi(cls) -> AsyncAdapt_aiosqlite_dbapi:
        return AsyncAdapt_aiosqlite_dbapi(
>           __import__("aiosqlite"), __import__("sqlite3")
            ^^^^^^^^^^^^^^^^^^^^^^^
        )
E       ModuleNotFoundError: No module named 'aiosqlite'

/usr/local/lib/python3.11/site-packages/sqlalchemy/dialects/sqlite/aiosqlite.py:328: ModuleNotFoundError
_ ERROR at setup of TestImportSigmaRulesPipeline.test_report_to_dict_is_json_safe _

    @pytest_asyncio.fixture
    async def session() -> AsyncSession:
        """In-memory SQLite session with the detection_rules schema.
    
        The ``@compiles`` overrides above let SQLAlchemy emit valid SQLite
        DDL for the PG-specific column types in :class:`DetectionRule`.
        """
>       engine = create_async_engine("sqlite+aiosqlite:///:memory:", future=True)
                 ^^^^^^^^^^^^^^^^^^^^^^^^^^^^^^^^^^^^^^^^^^^^^^^^^^^^^^^^^^^^^^^^

tests/services/detections/test_sigma_import.py:72: 
_ _ _ _ _ _ _ _ _ _ _ _ _ _ _ _ _ _ _ _ _ _ _ _ _ _ _ _ _ _ _ _ _ _ _ _ _ _ _ _ 
/usr/local/lib/python3.11/site-packages/sqlalchemy/ext/asyncio/engine.py:126: in create_async_engine
    sync_engine = _create_engine(url, **kw)
                  ^^^^^^^^^^^^^^^^^^^^^^^^^
<sqlalchemy generated warned() wrapper for sqlalchemy.engine.create.create_engine>:2: in create_engine
    return target(fn, url, **kwargs)
           ^^^^^^^^^^^^^^^^^^^^^^^^^
/usr/local/lib/python3.11/site-packages/sqlalchemy/util/deprecations.py:281: in warned
    return fn(*args, **kwargs)  # type: ignore[no-any-return]
           ^^^^^^^^^^^^^^^^^^^
/usr/local/lib/python3.11/site-packages/sqlalchemy/engine/create.py:602: in create_engine
    dbapi = dbapi_meth(**dbapi_args)
            ^^^^^^^^^^^^^^^^^^^^^^^^
_ _ _ _ _ _ _ _ _ _ _ _ _ _ _ _ _ _ _ _ _ _ _ _ _ _ _ _ _ _ _ _ _ _ _ _ _ _ _ _ 

cls = <class 'sqlalchemy.dialects.sqlite.aiosqlite.SQLiteDialect_aiosqlite'>

    @classmethod
    def import_dbapi(cls) -> AsyncAdapt_aiosqlite_dbapi:
        return AsyncAdapt_aiosqlite_dbapi(
>           __import__("aiosqlite"), __import__("sqlite3")
            ^^^^^^^^^^^^^^^^^^^^^^^
        )
E       ModuleNotFoundError: No module named 'aiosqlite'

/usr/local/lib/python3.11/site-packages/sqlalchemy/dialects/sqlite/aiosqlite.py:328: ModuleNotFoundError
__ ERROR at setup of TestImportSigmaRulesPipeline.test_non_list_input_raises ___

    @pytest_asyncio.fixture
    async def session() -> AsyncSession:
        """In-memory SQLite session with the detection_rules schema.
    
        The ``@compiles`` overrides above let SQLAlchemy emit valid SQLite
        DDL for the PG-specific column types in :class:`DetectionRule`.
        """
>       engine = create_async_engine("sqlite+aiosqlite:///:memory:", future=True)
                 ^^^^^^^^^^^^^^^^^^^^^^^^^^^^^^^^^^^^^^^^^^^^^^^^^^^^^^^^^^^^^^^^

tests/services/detections/test_sigma_import.py:72: 
_ _ _ _ _ _ _ _ _ _ _ _ _ _ _ _ _ _ _ _ _ _ _ _ _ _ _ _ _ _ _ _ _ _ _ _ _ _ _ _ 
/usr/local/lib/python3.11/site-packages/sqlalchemy/ext/asyncio/engine.py:126: in create_async_engine
    sync_engine = _create_engine(url, **kw)
                  ^^^^^^^^^^^^^^^^^^^^^^^^^
<sqlalchemy generated warned() wrapper for sqlalchemy.engine.create.create_engine>:2: in create_engine
    return target(fn, url, **kwargs)
           ^^^^^^^^^^^^^^^^^^^^^^^^^
/usr/local/lib/python3.11/site-packages/sqlalchemy/util/deprecations.py:281: in warned
    return fn(*args, **kwargs)  # type: ignore[no-any-return]
           ^^^^^^^^^^^^^^^^^^^
/usr/local/lib/python3.11/site-packages/sqlalchemy/engine/create.py:602: in create_engine
    dbapi = dbapi_meth(**dbapi_args)
            ^^^^^^^^^^^^^^^^^^^^^^^^
_ _ _ _ _ _ _ _ _ _ _ _ _ _ _ _ _ _ _ _ _ _ _ _ _ _ _ _ _ _ _ _ _ _ _ _ _ _ _ _ 

cls = <class 'sqlalchemy.dialects.sqlite.aiosqlite.SQLiteDialect_aiosqlite'>

    @classmethod
    def import_dbapi(cls) -> AsyncAdapt_aiosqlite_dbapi:
        return AsyncAdapt_aiosqlite_dbapi(
>           __import__("aiosqlite"), __import__("sqlite3")
            ^^^^^^^^^^^^^^^^^^^^^^^
        )
E       ModuleNotFoundError: No module named 'aiosqlite'

/usr/local/lib/python3.11/site-packages/sqlalchemy/dialects/sqlite/aiosqlite.py:328: ModuleNotFoundError
_ ERROR at setup of TestImportSigmaRulesPipeline.test_tenant_scoped_rules_do_not_clash _

    @pytest_asyncio.fixture
    async def session() -> AsyncSession:
        """In-memory SQLite session with the detection_rules schema.
    
        The ``@compiles`` overrides above let SQLAlchemy emit valid SQLite
        DDL for the PG-specific column types in :class:`DetectionRule`.
        """
>       engine = create_async_engine("sqlite+aiosqlite:///:memory:", future=True)
                 ^^^^^^^^^^^^^^^^^^^^^^^^^^^^^^^^^^^^^^^^^^^^^^^^^^^^^^^^^^^^^^^^

tests/services/detections/test_sigma_import.py:72: 
_ _ _ _ _ _ _ _ _ _ _ _ _ _ _ _ _ _ _ _ _ _ _ _ _ _ _ _ _ _ _ _ _ _ _ _ _ _ _ _ 
/usr/local/lib/python3.11/site-packages/sqlalchemy/ext/asyncio/engine.py:126: in create_async_engine
    sync_engine = _create_engine(url, **kw)
                  ^^^^^^^^^^^^^^^^^^^^^^^^^
<sqlalchemy generated warned() wrapper for sqlalchemy.engine.create.create_engine>:2: in create_engine
    return target(fn, url, **kwargs)
           ^^^^^^^^^^^^^^^^^^^^^^^^^
/usr/local/lib/python3.11/site-packages/sqlalchemy/util/deprecations.py:281: in warned
    return fn(*args, **kwargs)  # type: ignore[no-any-return]
           ^^^^^^^^^^^^^^^^^^^
/usr/local/lib/python3.11/site-packages/sqlalchemy/engine/create.py:602: in create_engine
    dbapi = dbapi_meth(**dbapi_args)
            ^^^^^^^^^^^^^^^^^^^^^^^^
_ _ _ _ _ _ _ _ _ _ _ _ _ _ _ _ _ _ _ _ _ _ _ _ _ _ _ _ _ _ _ _ _ _ _ _ _ _ _ _ 

cls = <class 'sqlalchemy.dialects.sqlite.aiosqlite.SQLiteDialect_aiosqlite'>

    @classmethod
    def import_dbapi(cls) -> AsyncAdapt_aiosqlite_dbapi:
        return AsyncAdapt_aiosqlite_dbapi(
>           __import__("aiosqlite"), __import__("sqlite3")
            ^^^^^^^^^^^^^^^^^^^^^^^
        )
E       ModuleNotFoundError: No module named 'aiosqlite'

/usr/local/lib/python3.11/site-packages/sqlalchemy/dialects/sqlite/aiosqlite.py:328: ModuleNotFoundError
_ ERROR at setup of TestAFailedOptionalWriteLeavesTheSessionUsable.test_a_savepoint_confines_the_failure _

    @pytest_asyncio.fixture
    async def session():
>       engine = create_async_engine("sqlite+aiosqlite:///:memory:")
                 ^^^^^^^^^^^^^^^^^^^^^^^^^^^^^^^^^^^^^^^^^^^^^^^^^^^

tests/test_audit_chain_survives_a_failed_write.py:52: 
_ _ _ _ _ _ _ _ _ _ _ _ _ _ _ _ _ _ _ _ _ _ _ _ _ _ _ _ _ _ _ _ _ _ _ _ _ _ _ _ 
/usr/local/lib/python3.11/site-packages/sqlalchemy/ext/asyncio/engine.py:126: in create_async_engine
    sync_engine = _create_engine(url, **kw)
                  ^^^^^^^^^^^^^^^^^^^^^^^^^
<sqlalchemy generated warned() wrapper for sqlalchemy.engine.create.create_engine>:2: in create_engine
    return target(fn, url, **kwargs)
           ^^^^^^^^^^^^^^^^^^^^^^^^^
/usr/local/lib/python3.11/site-packages/sqlalchemy/util/deprecations.py:281: in warned
    return fn(*args, **kwargs)  # type: ignore[no-any-return]
           ^^^^^^^^^^^^^^^^^^^
/usr/local/lib/python3.11/site-packages/sqlalchemy/engine/create.py:602: in create_engine
    dbapi = dbapi_meth(**dbapi_args)
            ^^^^^^^^^^^^^^^^^^^^^^^^
_ _ _ _ _ _ _ _ _ _ _ _ _ _ _ _ _ _ _ _ _ _ _ _ _ _ _ _ _ _ _ _ _ _ _ _ _ _ _ _ 

cls = <class 'sqlalchemy.dialects.sqlite.aiosqlite.SQLiteDialect_aiosqlite'>

    @classmethod
    def import_dbapi(cls) -> AsyncAdapt_aiosqlite_dbapi:
        return AsyncAdapt_aiosqlite_dbapi(
>           __import__("aiosqlite"), __import__("sqlite3")
            ^^^^^^^^^^^^^^^^^^^^^^^
        )
E       ModuleNotFoundError: No module named 'aiosqlite'

/usr/local/lib/python3.11/site-packages/sqlalchemy/dialects/sqlite/aiosqlite.py:328: ModuleNotFoundError
_ ERROR at setup of TestAFailedOptionalWriteLeavesTheSessionUsable.test_a_successful_operation_still_commits _

    @pytest_asyncio.fixture
    async def session():
>       engine = create_async_engine("sqlite+aiosqlite:///:memory:")
                 ^^^^^^^^^^^^^^^^^^^^^^^^^^^^^^^^^^^^^^^^^^^^^^^^^^^

tests/test_audit_chain_survives_a_failed_write.py:52: 
_ _ _ _ _ _ _ _ _ _ _ _ _ _ _ _ _ _ _ _ _ _ _ _ _ _ _ _ _ _ _ _ _ _ _ _ _ _ _ _ 
/usr/local/lib/python3.11/site-packages/sqlalchemy/ext/asyncio/engine.py:126: in create_async_engine
    sync_engine = _create_engine(url, **kw)
                  ^^^^^^^^^^^^^^^^^^^^^^^^^
<sqlalchemy generated warned() wrapper for sqlalchemy.engine.create.create_engine>:2: in create_engine
    return target(fn, url, **kwargs)
           ^^^^^^^^^^^^^^^^^^^^^^^^^
/usr/local/lib/python3.11/site-packages/sqlalchemy/util/deprecations.py:281: in warned
    return fn(*args, **kwargs)  # type: ignore[no-any-return]
           ^^^^^^^^^^^^^^^^^^^
/usr/local/lib/python3.11/site-packages/sqlalchemy/engine/create.py:602: in create_engine
    dbapi = dbapi_meth(**dbapi_args)
            ^^^^^^^^^^^^^^^^^^^^^^^^
_ _ _ _ _ _ _ _ _ _ _ _ _ _ _ _ _ _ _ _ _ _ _ _ _ _ _ _ _ _ _ _ _ _ _ _ _ _ _ _ 

cls = <class 'sqlalchemy.dialects.sqlite.aiosqlite.SQLiteDialect_aiosqlite'>

    @classmethod
    def import_dbapi(cls) -> AsyncAdapt_aiosqlite_dbapi:
        return AsyncAdapt_aiosqlite_dbapi(
>           __import__("aiosqlite"), __import__("sqlite3")
            ^^^^^^^^^^^^^^^^^^^^^^^
        )
E       ModuleNotFoundError: No module named 'aiosqlite'

/usr/local/lib/python3.11/site-packages/sqlalchemy/dialects/sqlite/aiosqlite.py:328: ModuleNotFoundError
_ ERROR at setup of TestAFailedOptionalWriteLeavesTheSessionUsable.test_the_context_manager_reraises _

    @pytest_asyncio.fixture
    async def session():
>       engine = create_async_engine("sqlite+aiosqlite:///:memory:")
                 ^^^^^^^^^^^^^^^^^^^^^^^^^^^^^^^^^^^^^^^^^^^^^^^^^^^

tests/test_audit_chain_survives_a_failed_write.py:52: 
_ _ _ _ _ _ _ _ _ _ _ _ _ _ _ _ _ _ _ _ _ _ _ _ _ _ _ _ _ _ _ _ _ _ _ _ _ _ _ _ 
/usr/local/lib/python3.11/site-packages/sqlalchemy/ext/asyncio/engine.py:126: in create_async_engine
    sync_engine = _create_engine(url, **kw)
                  ^^^^^^^^^^^^^^^^^^^^^^^^^
<sqlalchemy generated warned() wrapper for sqlalchemy.engine.create.create_engine>:2: in create_engine
    return target(fn, url, **kwargs)
           ^^^^^^^^^^^^^^^^^^^^^^^^^
/usr/local/lib/python3.11/site-packages/sqlalchemy/util/deprecations.py:281: in warned
    return fn(*args, **kwargs)  # type: ignore[no-any-return]
           ^^^^^^^^^^^^^^^^^^^
/usr/local/lib/python3.11/site-packages/sqlalchemy/engine/create.py:602: in create_engine
    dbapi = dbapi_meth(**dbapi_args)
            ^^^^^^^^^^^^^^^^^^^^^^^^
_ _ _ _ _ _ _ _ _ _ _ _ _ _ _ _ _ _ _ _ _ _ _ _ _ _ _ _ _ _ _ _ _ _ _ _ _ _ _ _ 

cls = <class 'sqlalchemy.dialects.sqlite.aiosqlite.SQLiteDialect_aiosqlite'>

    @classmethod
    def import_dbapi(cls) -> AsyncAdapt_aiosqlite_dbapi:
        return AsyncAdapt_aiosqlite_dbapi(
>           __import__("aiosqlite"), __import__("sqlite3")
            ^^^^^^^^^^^^^^^^^^^^^^^
        )
E       ModuleNotFoundError: No module named 'aiosqlite'

/usr/local/lib/python3.11/site-packages/sqlalchemy/dialects/sqlite/aiosqlite.py:328: ModuleNotFoundError
_________ ERROR at setup of test_the_printed_credential_authenticates __________

monkeypatch = <_pytest.monkeypatch.MonkeyPatch object at 0x7dae8f782150>

    @pytest_asyncio.fixture
    async def session_factory(monkeypatch):
        """An in-memory database wired in where the script reads its sessions.
    
        The contract under test is "an account exists and its password verifies",
        which is dialect-independent. Postgres-only column types are compiled down
        above.
        """
>       engine = create_async_engine("sqlite+aiosqlite:///:memory:")
                 ^^^^^^^^^^^^^^^^^^^^^^^^^^^^^^^^^^^^^^^^^^^^^^^^^^^

tests/test_bootstrap_admin.py:73: 
_ _ _ _ _ _ _ _ _ _ _ _ _ _ _ _ _ _ _ _ _ _ _ _ _ _ _ _ _ _ _ _ _ _ _ _ _ _ _ _ 
/usr/local/lib/python3.11/site-packages/sqlalchemy/ext/asyncio/engine.py:126: in create_async_engine
    sync_engine = _create_engine(url, **kw)
                  ^^^^^^^^^^^^^^^^^^^^^^^^^
<sqlalchemy generated warned() wrapper for sqlalchemy.engine.create.create_engine>:2: in create_engine
    return target(fn, url, **kwargs)
           ^^^^^^^^^^^^^^^^^^^^^^^^^
/usr/local/lib/python3.11/site-packages/sqlalchemy/util/deprecations.py:281: in warned
    return fn(*args, **kwargs)  # type: ignore[no-any-return]
           ^^^^^^^^^^^^^^^^^^^
/usr/local/lib/python3.11/site-packages/sqlalchemy/engine/create.py:602: in create_engine
    dbapi = dbapi_meth(**dbapi_args)
            ^^^^^^^^^^^^^^^^^^^^^^^^
_ _ _ _ _ _ _ _ _ _ _ _ _ _ _ _ _ _ _ _ _ _ _ _ _ _ _ _ _ _ _ _ _ _ _ _ _ _ _ _ 

cls = <class 'sqlalchemy.dialects.sqlite.aiosqlite.SQLiteDialect_aiosqlite'>

    @classmethod
    def import_dbapi(cls) -> AsyncAdapt_aiosqlite_dbapi:
        return AsyncAdapt_aiosqlite_dbapi(
>           __import__("aiosqlite"), __import__("sqlite3")
            ^^^^^^^^^^^^^^^^^^^^^^^
        )
E       ModuleNotFoundError: No module named 'aiosqlite'

/usr/local/lib/python3.11/site-packages/sqlalchemy/dialects/sqlite/aiosqlite.py:328: ModuleNotFoundError
_ ERROR at setup of test_the_administrator_lands_in_the_tenant_the_migration_seeded _

monkeypatch = <_pytest.monkeypatch.MonkeyPatch object at 0x7dae8ff63910>

    @pytest_asyncio.fixture
    async def session_factory(monkeypatch):
        """An in-memory database wired in where the script reads its sessions.
    
        The contract under test is "an account exists and its password verifies",
        which is dialect-independent. Postgres-only column types are compiled down
        above.
        """
>       engine = create_async_engine("sqlite+aiosqlite:///:memory:")
                 ^^^^^^^^^^^^^^^^^^^^^^^^^^^^^^^^^^^^^^^^^^^^^^^^^^^

tests/test_bootstrap_admin.py:73: 
_ _ _ _ _ _ _ _ _ _ _ _ _ _ _ _ _ _ _ _ _ _ _ _ _ _ _ _ _ _ _ _ _ _ _ _ _ _ _ _ 
/usr/local/lib/python3.11/site-packages/sqlalchemy/ext/asyncio/engine.py:126: in create_async_engine
    sync_engine = _create_engine(url, **kw)
                  ^^^^^^^^^^^^^^^^^^^^^^^^^
<sqlalchemy generated warned() wrapper for sqlalchemy.engine.create.create_engine>:2: in create_engine
    return target(fn, url, **kwargs)
           ^^^^^^^^^^^^^^^^^^^^^^^^^
/usr/local/lib/python3.11/site-packages/sqlalchemy/util/deprecations.py:281: in warned
    return fn(*args, **kwargs)  # type: ignore[no-any-return]
           ^^^^^^^^^^^^^^^^^^^
/usr/local/lib/python3.11/site-packages/sqlalchemy/engine/create.py:602: in create_engine
    dbapi = dbapi_meth(**dbapi_args)
            ^^^^^^^^^^^^^^^^^^^^^^^^
_ _ _ _ _ _ _ _ _ _ _ _ _ _ _ _ _ _ _ _ _ _ _ _ _ _ _ _ _ _ _ _ _ _ _ _ _ _ _ _ 

cls = <class 'sqlalchemy.dialects.sqlite.aiosqlite.SQLiteDialect_aiosqlite'>

    @classmethod
    def import_dbapi(cls) -> AsyncAdapt_aiosqlite_dbapi:
        return AsyncAdapt_aiosqlite_dbapi(
>           __import__("aiosqlite"), __import__("sqlite3")
            ^^^^^^^^^^^^^^^^^^^^^^^
        )
E       ModuleNotFoundError: No module named 'aiosqlite'

/usr/local/lib/python3.11/site-packages/sqlalchemy/dialects/sqlite/aiosqlite.py:328: ModuleNotFoundError
___ ERROR at setup of test_it_creates_the_tenant_when_the_database_has_none ____

monkeypatch = <_pytest.monkeypatch.MonkeyPatch object at 0x7dae9415ee90>

    @pytest_asyncio.fixture
    async def session_factory(monkeypatch):
        """An in-memory database wired in where the script reads its sessions.
    
        The contract under test is "an account exists and its password verifies",
        which is dialect-independent. Postgres-only column types are compiled down
        above.
        """
>       engine = create_async_engine("sqlite+aiosqlite:///:memory:")
                 ^^^^^^^^^^^^^^^^^^^^^^^^^^^^^^^^^^^^^^^^^^^^^^^^^^^

tests/test_bootstrap_admin.py:73: 
_ _ _ _ _ _ _ _ _ _ _ _ _ _ _ _ _ _ _ _ _ _ _ _ _ _ _ _ _ _ _ _ _ _ _ _ _ _ _ _ 
/usr/local/lib/python3.11/site-packages/sqlalchemy/ext/asyncio/engine.py:126: in create_async_engine
    sync_engine = _create_engine(url, **kw)
                  ^^^^^^^^^^^^^^^^^^^^^^^^^
<sqlalchemy generated warned() wrapper for sqlalchemy.engine.create.create_engine>:2: in create_engine
    return target(fn, url, **kwargs)
           ^^^^^^^^^^^^^^^^^^^^^^^^^
/usr/local/lib/python3.11/site-packages/sqlalchemy/util/deprecations.py:281: in warned
    return fn(*args, **kwargs)  # type: ignore[no-any-return]
           ^^^^^^^^^^^^^^^^^^^
/usr/local/lib/python3.11/site-packages/sqlalchemy/engine/create.py:602: in create_engine
    dbapi = dbapi_meth(**dbapi_args)
            ^^^^^^^^^^^^^^^^^^^^^^^^
_ _ _ _ _ _ _ _ _ _ _ _ _ _ _ _ _ _ _ _ _ _ _ _ _ _ _ _ _ _ _ _ _ _ _ _ _ _ _ _ 

cls = <class 'sqlalchemy.dialects.sqlite.aiosqlite.SQLiteDialect_aiosqlite'>

    @classmethod
    def import_dbapi(cls) -> AsyncAdapt_aiosqlite_dbapi:
        return AsyncAdapt_aiosqlite_dbapi(
>           __import__("aiosqlite"), __import__("sqlite3")
            ^^^^^^^^^^^^^^^^^^^^^^^
        )
E       ModuleNotFoundError: No module named 'aiosqlite'

/usr/local/lib/python3.11/site-packages/sqlalchemy/dialects/sqlite/aiosqlite.py:328: ModuleNotFoundError
_ ERROR at setup of test_it_adopts_an_existing_tenant_rather_than_adding_a_second _

monkeypatch = <_pytest.monkeypatch.MonkeyPatch object at 0x7dae8f6c4710>

    @pytest_asyncio.fixture
    async def session_factory(monkeypatch):
        """An in-memory database wired in where the script reads its sessions.
    
        The contract under test is "an account exists and its password verifies",
        which is dialect-independent. Postgres-only column types are compiled down
        above.
        """
>       engine = create_async_engine("sqlite+aiosqlite:///:memory:")
                 ^^^^^^^^^^^^^^^^^^^^^^^^^^^^^^^^^^^^^^^^^^^^^^^^^^^

tests/test_bootstrap_admin.py:73: 
_ _ _ _ _ _ _ _ _ _ _ _ _ _ _ _ _ _ _ _ _ _ _ _ _ _ _ _ _ _ _ _ _ _ _ _ _ _ _ _ 
/usr/local/lib/python3.11/site-packages/sqlalchemy/ext/asyncio/engine.py:126: in create_async_engine
    sync_engine = _create_engine(url, **kw)
                  ^^^^^^^^^^^^^^^^^^^^^^^^^
<sqlalchemy generated warned() wrapper for sqlalchemy.engine.create.create_engine>:2: in create_engine
    return target(fn, url, **kwargs)
           ^^^^^^^^^^^^^^^^^^^^^^^^^
/usr/local/lib/python3.11/site-packages/sqlalchemy/util/deprecations.py:281: in warned
    return fn(*args, **kwargs)  # type: ignore[no-any-return]
           ^^^^^^^^^^^^^^^^^^^
/usr/local/lib/python3.11/site-packages/sqlalchemy/engine/create.py:602: in create_engine
    dbapi = dbapi_meth(**dbapi_args)
            ^^^^^^^^^^^^^^^^^^^^^^^^
_ _ _ _ _ _ _ _ _ _ _ _ _ _ _ _ _ _ _ _ _ _ _ _ _ _ _ _ _ _ _ _ _ _ _ _ _ _ _ _ 

cls = <class 'sqlalchemy.dialects.sqlite.aiosqlite.SQLiteDialect_aiosqlite'>

    @classmethod
    def import_dbapi(cls) -> AsyncAdapt_aiosqlite_dbapi:
        return AsyncAdapt_aiosqlite_dbapi(
>           __import__("aiosqlite"), __import__("sqlite3")
            ^^^^^^^^^^^^^^^^^^^^^^^
        )
E       ModuleNotFoundError: No module named 'aiosqlite'

/usr/local/lib/python3.11/site-packages/sqlalchemy/dialects/sqlite/aiosqlite.py:328: ModuleNotFoundError
___ ERROR at setup of test_rerunning_reports_the_account_and_changes_nothing ___

monkeypatch = <_pytest.monkeypatch.MonkeyPatch object at 0x7dae8fd63e10>

    @pytest_asyncio.fixture
    async def session_factory(monkeypatch):
        """An in-memory database wired in where the script reads its sessions.
    
        The contract under test is "an account exists and its password verifies",
        which is dialect-independent. Postgres-only column types are compiled down
        above.
        """
>       engine = create_async_engine("sqlite+aiosqlite:///:memory:")
                 ^^^^^^^^^^^^^^^^^^^^^^^^^^^^^^^^^^^^^^^^^^^^^^^^^^^

tests/test_bootstrap_admin.py:73: 
_ _ _ _ _ _ _ _ _ _ _ _ _ _ _ _ _ _ _ _ _ _ _ _ _ _ _ _ _ _ _ _ _ _ _ _ _ _ _ _ 
/usr/local/lib/python3.11/site-packages/sqlalchemy/ext/asyncio/engine.py:126: in create_async_engine
    sync_engine = _create_engine(url, **kw)
                  ^^^^^^^^^^^^^^^^^^^^^^^^^
<sqlalchemy generated warned() wrapper for sqlalchemy.engine.create.create_engine>:2: in create_engine
    return target(fn, url, **kwargs)
           ^^^^^^^^^^^^^^^^^^^^^^^^^
/usr/local/lib/python3.11/site-packages/sqlalchemy/util/deprecations.py:281: in warned
    return fn(*args, **kwargs)  # type: ignore[no-any-return]
           ^^^^^^^^^^^^^^^^^^^
/usr/local/lib/python3.11/site-packages/sqlalchemy/engine/create.py:602: in create_engine
    dbapi = dbapi_meth(**dbapi_args)
            ^^^^^^^^^^^^^^^^^^^^^^^^
_ _ _ _ _ _ _ _ _ _ _ _ _ _ _ _ _ _ _ _ _ _ _ _ _ _ _ _ _ _ _ _ _ _ _ _ _ _ _ _ 

cls = <class 'sqlalchemy.dialects.sqlite.aiosqlite.SQLiteDialect_aiosqlite'>

    @classmethod
    def import_dbapi(cls) -> AsyncAdapt_aiosqlite_dbapi:
        return AsyncAdapt_aiosqlite_dbapi(
>           __import__("aiosqlite"), __import__("sqlite3")
            ^^^^^^^^^^^^^^^^^^^^^^^
        )
E       ModuleNotFoundError: No module named 'aiosqlite'

/usr/local/lib/python3.11/site-packages/sqlalchemy/dialects/sqlite/aiosqlite.py:328: ModuleNotFoundError
_ ERROR at setup of test_a_second_run_under_a_new_address_does_not_mint_a_second_admin _

monkeypatch = <_pytest.monkeypatch.MonkeyPatch object at 0x7dae8f815690>

    @pytest_asyncio.fixture
    async def session_factory(monkeypatch):
        """An in-memory database wired in where the script reads its sessions.
    
        The contract under test is "an account exists and its password verifies",
        which is dialect-independent. Postgres-only column types are compiled down
        above.
        """
>       engine = create_async_engine("sqlite+aiosqlite:///:memory:")
                 ^^^^^^^^^^^^^^^^^^^^^^^^^^^^^^^^^^^^^^^^^^^^^^^^^^^

tests/test_bootstrap_admin.py:73: 
_ _ _ _ _ _ _ _ _ _ _ _ _ _ _ _ _ _ _ _ _ _ _ _ _ _ _ _ _ _ _ _ _ _ _ _ _ _ _ _ 
/usr/local/lib/python3.11/site-packages/sqlalchemy/ext/asyncio/engine.py:126: in create_async_engine
    sync_engine = _create_engine(url, **kw)
                  ^^^^^^^^^^^^^^^^^^^^^^^^^
<sqlalchemy generated warned() wrapper for sqlalchemy.engine.create.create_engine>:2: in create_engine
    return target(fn, url, **kwargs)
           ^^^^^^^^^^^^^^^^^^^^^^^^^
/usr/local/lib/python3.11/site-packages/sqlalchemy/util/deprecations.py:281: in warned
    return fn(*args, **kwargs)  # type: ignore[no-any-return]
           ^^^^^^^^^^^^^^^^^^^
/usr/local/lib/python3.11/site-packages/sqlalchemy/engine/create.py:602: in create_engine
    dbapi = dbapi_meth(**dbapi_args)
            ^^^^^^^^^^^^^^^^^^^^^^^^
_ _ _ _ _ _ _ _ _ _ _ _ _ _ _ _ _ _ _ _ _ _ _ _ _ _ _ _ _ _ _ _ _ _ _ _ _ _ _ _ 

cls = <class 'sqlalchemy.dialects.sqlite.aiosqlite.SQLiteDialect_aiosqlite'>

    @classmethod
    def import_dbapi(cls) -> AsyncAdapt_aiosqlite_dbapi:
        return AsyncAdapt_aiosqlite_dbapi(
>           __import__("aiosqlite"), __import__("sqlite3")
            ^^^^^^^^^^^^^^^^^^^^^^^
        )
E       ModuleNotFoundError: No module named 'aiosqlite'

/usr/local/lib/python3.11/site-packages/sqlalchemy/dialects/sqlite/aiosqlite.py:328: ModuleNotFoundError
_ ERROR at setup of test_an_existing_address_in_another_case_is_the_same_account _

monkeypatch = <_pytest.monkeypatch.MonkeyPatch object at 0x7dae94426c50>

    @pytest_asyncio.fixture
    async def session_factory(monkeypatch):
        """An in-memory database wired in where the script reads its sessions.
    
        The contract under test is "an account exists and its password verifies",
        which is dialect-independent. Postgres-only column types are compiled down
        above.
        """
>       engine = create_async_engine("sqlite+aiosqlite:///:memory:")
                 ^^^^^^^^^^^^^^^^^^^^^^^^^^^^^^^^^^^^^^^^^^^^^^^^^^^

tests/test_bootstrap_admin.py:73: 
_ _ _ _ _ _ _ _ _ _ _ _ _ _ _ _ _ _ _ _ _ _ _ _ _ _ _ _ _ _ _ _ _ _ _ _ _ _ _ _ 
/usr/local/lib/python3.11/site-packages/sqlalchemy/ext/asyncio/engine.py:126: in create_async_engine
    sync_engine = _create_engine(url, **kw)
                  ^^^^^^^^^^^^^^^^^^^^^^^^^
<sqlalchemy generated warned() wrapper for sqlalchemy.engine.create.create_engine>:2: in create_engine
    return target(fn, url, **kwargs)
           ^^^^^^^^^^^^^^^^^^^^^^^^^
/usr/local/lib/python3.11/site-packages/sqlalchemy/util/deprecations.py:281: in warned
    return fn(*args, **kwargs)  # type: ignore[no-any-return]
           ^^^^^^^^^^^^^^^^^^^
/usr/local/lib/python3.11/site-packages/sqlalchemy/engine/create.py:602: in create_engine
    dbapi = dbapi_meth(**dbapi_args)
            ^^^^^^^^^^^^^^^^^^^^^^^^
_ _ _ _ _ _ _ _ _ _ _ _ _ _ _ _ _ _ _ _ _ _ _ _ _ _ _ _ _ _ _ _ _ _ _ _ _ _ _ _ 

cls = <class 'sqlalchemy.dialects.sqlite.aiosqlite.SQLiteDialect_aiosqlite'>

    @classmethod
    def import_dbapi(cls) -> AsyncAdapt_aiosqlite_dbapi:
        return AsyncAdapt_aiosqlite_dbapi(
>           __import__("aiosqlite"), __import__("sqlite3")
            ^^^^^^^^^^^^^^^^^^^^^^^
        )
E       ModuleNotFoundError: No module named 'aiosqlite'

/usr/local/lib/python3.11/site-packages/sqlalchemy/dialects/sqlite/aiosqlite.py:328: ModuleNotFoundError
________ ERROR at setup of test_reset_password_replaces_the_credential _________

monkeypatch = <_pytest.monkeypatch.MonkeyPatch object at 0x7dae8fae8a50>

    @pytest_asyncio.fixture
    async def session_factory(monkeypatch):
        """An in-memory database wired in where the script reads its sessions.
    
        The contract under test is "an account exists and its password verifies",
        which is dialect-independent. Postgres-only column types are compiled down
        above.
        """
>       engine = create_async_engine("sqlite+aiosqlite:///:memory:")
                 ^^^^^^^^^^^^^^^^^^^^^^^^^^^^^^^^^^^^^^^^^^^^^^^^^^^

tests/test_bootstrap_admin.py:73: 
_ _ _ _ _ _ _ _ _ _ _ _ _ _ _ _ _ _ _ _ _ _ _ _ _ _ _ _ _ _ _ _ _ _ _ _ _ _ _ _ 
/usr/local/lib/python3.11/site-packages/sqlalchemy/ext/asyncio/engine.py:126: in create_async_engine
    sync_engine = _create_engine(url, **kw)
                  ^^^^^^^^^^^^^^^^^^^^^^^^^
<sqlalchemy generated warned() wrapper for sqlalchemy.engine.create.create_engine>:2: in create_engine
    return target(fn, url, **kwargs)
           ^^^^^^^^^^^^^^^^^^^^^^^^^
/usr/local/lib/python3.11/site-packages/sqlalchemy/util/deprecations.py:281: in warned
    return fn(*args, **kwargs)  # type: ignore[no-any-return]
           ^^^^^^^^^^^^^^^^^^^
/usr/local/lib/python3.11/site-packages/sqlalchemy/engine/create.py:602: in create_engine
    dbapi = dbapi_meth(**dbapi_args)
            ^^^^^^^^^^^^^^^^^^^^^^^^
_ _ _ _ _ _ _ _ _ _ _ _ _ _ _ _ _ _ _ _ _ _ _ _ _ _ _ _ _ _ _ _ _ _ _ _ _ _ _ _ 

cls = <class 'sqlalchemy.dialects.sqlite.aiosqlite.SQLiteDialect_aiosqlite'>

    @classmethod
    def import_dbapi(cls) -> AsyncAdapt_aiosqlite_dbapi:
        return AsyncAdapt_aiosqlite_dbapi(
>           __import__("aiosqlite"), __import__("sqlite3")
            ^^^^^^^^^^^^^^^^^^^^^^^
        )
E       ModuleNotFoundError: No module named 'aiosqlite'

/usr/local/lib/python3.11/site-packages/sqlalchemy/dialects/sqlite/aiosqlite.py:328: ModuleNotFoundError
_ ERROR at setup of test_a_deactivated_orphan_does_not_block_the_first_administrator _

monkeypatch = <_pytest.monkeypatch.MonkeyPatch object at 0x7dae8fbac7d0>

    @pytest_asyncio.fixture
    async def session_factory(monkeypatch):
        """An in-memory database wired in where the script reads its sessions.
    
        The contract under test is "an account exists and its password verifies",
        which is dialect-independent. Postgres-only column types are compiled down
        above.
        """
>       engine = create_async_engine("sqlite+aiosqlite:///:memory:")
                 ^^^^^^^^^^^^^^^^^^^^^^^^^^^^^^^^^^^^^^^^^^^^^^^^^^^

tests/test_bootstrap_admin.py:73: 
_ _ _ _ _ _ _ _ _ _ _ _ _ _ _ _ _ _ _ _ _ _ _ _ _ _ _ _ _ _ _ _ _ _ _ _ _ _ _ _ 
/usr/local/lib/python3.11/site-packages/sqlalchemy/ext/asyncio/engine.py:126: in create_async_engine
    sync_engine = _create_engine(url, **kw)
                  ^^^^^^^^^^^^^^^^^^^^^^^^^
<sqlalchemy generated warned() wrapper for sqlalchemy.engine.create.create_engine>:2: in create_engine
    return target(fn, url, **kwargs)
           ^^^^^^^^^^^^^^^^^^^^^^^^^
/usr/local/lib/python3.11/site-packages/sqlalchemy/util/deprecations.py:281: in warned
    return fn(*args, **kwargs)  # type: ignore[no-any-return]
           ^^^^^^^^^^^^^^^^^^^
/usr/local/lib/python3.11/site-packages/sqlalchemy/engine/create.py:602: in create_engine
    dbapi = dbapi_meth(**dbapi_args)
            ^^^^^^^^^^^^^^^^^^^^^^^^
_ _ _ _ _ _ _ _ _ _ _ _ _ _ _ _ _ _ _ _ _ _ _ _ _ _ _ _ _ _ _ _ _ _ _ _ _ _ _ _ 

cls = <class 'sqlalchemy.dialects.sqlite.aiosqlite.SQLiteDialect_aiosqlite'>

    @classmethod
    def import_dbapi(cls) -> AsyncAdapt_aiosqlite_dbapi:
        return AsyncAdapt_aiosqlite_dbapi(
>           __import__("aiosqlite"), __import__("sqlite3")
            ^^^^^^^^^^^^^^^^^^^^^^^
        )
E       ModuleNotFoundError: No module named 'aiosqlite'

/usr/local/lib/python3.11/site-packages/sqlalchemy/dialects/sqlite/aiosqlite.py:328: ModuleNotFoundError
_ ERROR at setup of TestResolution.test_an_unmanaged_tenant_gets_the_platform_default _

    @pytest_asyncio.fixture
    async def session_factory():
>       engine = create_async_engine("sqlite+aiosqlite:///:memory:")
                 ^^^^^^^^^^^^^^^^^^^^^^^^^^^^^^^^^^^^^^^^^^^^^^^^^^^

tests/test_branding.py:59: 
_ _ _ _ _ _ _ _ _ _ _ _ _ _ _ _ _ _ _ _ _ _ _ _ _ _ _ _ _ _ _ _ _ _ _ _ _ _ _ _ 
/usr/local/lib/python3.11/site-packages/sqlalchemy/ext/asyncio/engine.py:126: in create_async_engine
    sync_engine = _create_engine(url, **kw)
                  ^^^^^^^^^^^^^^^^^^^^^^^^^
<sqlalchemy generated warned() wrapper for sqlalchemy.engine.create.create_engine>:2: in create_engine
    return target(fn, url, **kwargs)
           ^^^^^^^^^^^^^^^^^^^^^^^^^
/usr/local/lib/python3.11/site-packages/sqlalchemy/util/deprecations.py:281: in warned
    return fn(*args, **kwargs)  # type: ignore[no-any-return]
           ^^^^^^^^^^^^^^^^^^^
/usr/local/lib/python3.11/site-packages/sqlalchemy/engine/create.py:602: in create_engine
    dbapi = dbapi_meth(**dbapi_args)
            ^^^^^^^^^^^^^^^^^^^^^^^^
_ _ _ _ _ _ _ _ _ _ _ _ _ _ _ _ _ _ _ _ _ _ _ _ _ _ _ _ _ _ _ _ _ _ _ _ _ _ _ _ 

cls = <class 'sqlalchemy.dialects.sqlite.aiosqlite.SQLiteDialect_aiosqlite'>

    @classmethod
    def import_dbapi(cls) -> AsyncAdapt_aiosqlite_dbapi:
        return AsyncAdapt_aiosqlite_dbapi(
>           __import__("aiosqlite"), __import__("sqlite3")
            ^^^^^^^^^^^^^^^^^^^^^^^
        )
E       ModuleNotFoundError: No module named 'aiosqlite'

/usr/local/lib/python3.11/site-packages/sqlalchemy/dialects/sqlite/aiosqlite.py:328: ModuleNotFoundError
_ ERROR at setup of TestResolution.test_a_managed_tenant_gets_its_operators_branding _

    @pytest_asyncio.fixture
    async def session_factory():
>       engine = create_async_engine("sqlite+aiosqlite:///:memory:")
                 ^^^^^^^^^^^^^^^^^^^^^^^^^^^^^^^^^^^^^^^^^^^^^^^^^^^

tests/test_branding.py:59: 
_ _ _ _ _ _ _ _ _ _ _ _ _ _ _ _ _ _ _ _ _ _ _ _ _ _ _ _ _ _ _ _ _ _ _ _ _ _ _ _ 
/usr/local/lib/python3.11/site-packages/sqlalchemy/ext/asyncio/engine.py:126: in create_async_engine
    sync_engine = _create_engine(url, **kw)
                  ^^^^^^^^^^^^^^^^^^^^^^^^^
<sqlalchemy generated warned() wrapper for sqlalchemy.engine.create.create_engine>:2: in create_engine
    return target(fn, url, **kwargs)
           ^^^^^^^^^^^^^^^^^^^^^^^^^
/usr/local/lib/python3.11/site-packages/sqlalchemy/util/deprecations.py:281: in warned
    return fn(*args, **kwargs)  # type: ignore[no-any-return]
           ^^^^^^^^^^^^^^^^^^^
/usr/local/lib/python3.11/site-packages/sqlalchemy/engine/create.py:602: in create_engine
    dbapi = dbapi_meth(**dbapi_args)
            ^^^^^^^^^^^^^^^^^^^^^^^^
_ _ _ _ _ _ _ _ _ _ _ _ _ _ _ _ _ _ _ _ _ _ _ _ _ _ _ _ _ _ _ _ _ _ _ _ _ _ _ _ 

cls = <class 'sqlalchemy.dialects.sqlite.aiosqlite.SQLiteDialect_aiosqlite'>

    @classmethod
    def import_dbapi(cls) -> AsyncAdapt_aiosqlite_dbapi:
        return AsyncAdapt_aiosqlite_dbapi(
>           __import__("aiosqlite"), __import__("sqlite3")
            ^^^^^^^^^^^^^^^^^^^^^^^
        )
E       ModuleNotFoundError: No module named 'aiosqlite'

/usr/local/lib/python3.11/site-packages/sqlalchemy/dialects/sqlite/aiosqlite.py:328: ModuleNotFoundError
___ ERROR at setup of TestResolution.test_the_operators_own_staff_see_it_too ___

    @pytest_asyncio.fixture
    async def session_factory():
>       engine = create_async_engine("sqlite+aiosqlite:///:memory:")
                 ^^^^^^^^^^^^^^^^^^^^^^^^^^^^^^^^^^^^^^^^^^^^^^^^^^^

tests/test_branding.py:59: 
_ _ _ _ _ _ _ _ _ _ _ _ _ _ _ _ _ _ _ _ _ _ _ _ _ _ _ _ _ _ _ _ _ _ _ _ _ _ _ _ 
/usr/local/lib/python3.11/site-packages/sqlalchemy/ext/asyncio/engine.py:126: in create_async_engine
    sync_engine = _create_engine(url, **kw)
                  ^^^^^^^^^^^^^^^^^^^^^^^^^
<sqlalchemy generated warned() wrapper for sqlalchemy.engine.create.create_engine>:2: in create_engine
    return target(fn, url, **kwargs)
           ^^^^^^^^^^^^^^^^^^^^^^^^^
/usr/local/lib/python3.11/site-packages/sqlalchemy/util/deprecations.py:281: in warned
    return fn(*args, **kwargs)  # type: ignore[no-any-return]
           ^^^^^^^^^^^^^^^^^^^
/usr/local/lib/python3.11/site-packages/sqlalchemy/engine/create.py:602: in create_engine
    dbapi = dbapi_meth(**dbapi_args)
            ^^^^^^^^^^^^^^^^^^^^^^^^
_ _ _ _ _ _ _ _ _ _ _ _ _ _ _ _ _ _ _ _ _ _ _ _ _ _ _ _ _ _ _ _ _ _ _ _ _ _ _ _ 

cls = <class 'sqlalchemy.dialects.sqlite.aiosqlite.SQLiteDialect_aiosqlite'>

    @classmethod
    def import_dbapi(cls) -> AsyncAdapt_aiosqlite_dbapi:
        return AsyncAdapt_aiosqlite_dbapi(
>           __import__("aiosqlite"), __import__("sqlite3")
            ^^^^^^^^^^^^^^^^^^^^^^^
        )
E       ModuleNotFoundError: No module named 'aiosqlite'

/usr/local/lib/python3.11/site-packages/sqlalchemy/dialects/sqlite/aiosqlite.py:328: ModuleNotFoundError
__ ERROR at setup of TestResolution.test_unset_fields_fall_back_individually ___

    @pytest_asyncio.fixture
    async def session_factory():
>       engine = create_async_engine("sqlite+aiosqlite:///:memory:")
                 ^^^^^^^^^^^^^^^^^^^^^^^^^^^^^^^^^^^^^^^^^^^^^^^^^^^

tests/test_branding.py:59: 
_ _ _ _ _ _ _ _ _ _ _ _ _ _ _ _ _ _ _ _ _ _ _ _ _ _ _ _ _ _ _ _ _ _ _ _ _ _ _ _ 
/usr/local/lib/python3.11/site-packages/sqlalchemy/ext/asyncio/engine.py:126: in create_async_engine
    sync_engine = _create_engine(url, **kw)
                  ^^^^^^^^^^^^^^^^^^^^^^^^^
<sqlalchemy generated warned() wrapper for sqlalchemy.engine.create.create_engine>:2: in create_engine
    return target(fn, url, **kwargs)
           ^^^^^^^^^^^^^^^^^^^^^^^^^
/usr/local/lib/python3.11/site-packages/sqlalchemy/util/deprecations.py:281: in warned
    return fn(*args, **kwargs)  # type: ignore[no-any-return]
           ^^^^^^^^^^^^^^^^^^^
/usr/local/lib/python3.11/site-packages/sqlalchemy/engine/create.py:602: in create_engine
    dbapi = dbapi_meth(**dbapi_args)
            ^^^^^^^^^^^^^^^^^^^^^^^^
_ _ _ _ _ _ _ _ _ _ _ _ _ _ _ _ _ _ _ _ _ _ _ _ _ _ _ _ _ _ _ _ _ _ _ _ _ _ _ _ 

cls = <class 'sqlalchemy.dialects.sqlite.aiosqlite.SQLiteDialect_aiosqlite'>

    @classmethod
    def import_dbapi(cls) -> AsyncAdapt_aiosqlite_dbapi:
        return AsyncAdapt_aiosqlite_dbapi(
>           __import__("aiosqlite"), __import__("sqlite3")
            ^^^^^^^^^^^^^^^^^^^^^^^
        )
E       ModuleNotFoundError: No module named 'aiosqlite'

/usr/local/lib/python3.11/site-packages/sqlalchemy/dialects/sqlite/aiosqlite.py:328: ModuleNotFoundError
_ ERROR at setup of TestResolution.test_the_sender_name_defaults_to_the_product_name _

    @pytest_asyncio.fixture
    async def session_factory():
>       engine = create_async_engine("sqlite+aiosqlite:///:memory:")
                 ^^^^^^^^^^^^^^^^^^^^^^^^^^^^^^^^^^^^^^^^^^^^^^^^^^^

tests/test_branding.py:59: 
_ _ _ _ _ _ _ _ _ _ _ _ _ _ _ _ _ _ _ _ _ _ _ _ _ _ _ _ _ _ _ _ _ _ _ _ _ _ _ _ 
/usr/local/lib/python3.11/site-packages/sqlalchemy/ext/asyncio/engine.py:126: in create_async_engine
    sync_engine = _create_engine(url, **kw)
                  ^^^^^^^^^^^^^^^^^^^^^^^^^
<sqlalchemy generated warned() wrapper for sqlalchemy.engine.create.create_engine>:2: in create_engine
    return target(fn, url, **kwargs)
           ^^^^^^^^^^^^^^^^^^^^^^^^^
/usr/local/lib/python3.11/site-packages/sqlalchemy/util/deprecations.py:281: in warned
    return fn(*args, **kwargs)  # type: ignore[no-any-return]
           ^^^^^^^^^^^^^^^^^^^
/usr/local/lib/python3.11/site-packages/sqlalchemy/engine/create.py:602: in create_engine
    dbapi = dbapi_meth(**dbapi_args)
            ^^^^^^^^^^^^^^^^^^^^^^^^
_ _ _ _ _ _ _ _ _ _ _ _ _ _ _ _ _ _ _ _ _ _ _ _ _ _ _ _ _ _ _ _ _ _ _ _ _ _ _ _ 

cls = <class 'sqlalchemy.dialects.sqlite.aiosqlite.SQLiteDialect_aiosqlite'>

    @classmethod
    def import_dbapi(cls) -> AsyncAdapt_aiosqlite_dbapi:
        return AsyncAdapt_aiosqlite_dbapi(
>           __import__("aiosqlite"), __import__("sqlite3")
            ^^^^^^^^^^^^^^^^^^^^^^^
        )
E       ModuleNotFoundError: No module named 'aiosqlite'

/usr/local/lib/python3.11/site-packages/sqlalchemy/dialects/sqlite/aiosqlite.py:328: ModuleNotFoundError
___ ERROR at setup of TestResolution.test_an_explicit_sender_name_still_wins ___

    @pytest_asyncio.fixture
    async def session_factory():
>       engine = create_async_engine("sqlite+aiosqlite:///:memory:")
                 ^^^^^^^^^^^^^^^^^^^^^^^^^^^^^^^^^^^^^^^^^^^^^^^^^^^

tests/test_branding.py:59: 
_ _ _ _ _ _ _ _ _ _ _ _ _ _ _ _ _ _ _ _ _ _ _ _ _ _ _ _ _ _ _ _ _ _ _ _ _ _ _ _ 
/usr/local/lib/python3.11/site-packages/sqlalchemy/ext/asyncio/engine.py:126: in create_async_engine
    sync_engine = _create_engine(url, **kw)
                  ^^^^^^^^^^^^^^^^^^^^^^^^^
<sqlalchemy generated warned() wrapper for sqlalchemy.engine.create.create_engine>:2: in create_engine
    return target(fn, url, **kwargs)
           ^^^^^^^^^^^^^^^^^^^^^^^^^
/usr/local/lib/python3.11/site-packages/sqlalchemy/util/deprecations.py:281: in warned
    return fn(*args, **kwargs)  # type: ignore[no-any-return]
           ^^^^^^^^^^^^^^^^^^^
/usr/local/lib/python3.11/site-packages/sqlalchemy/engine/create.py:602: in create_engine
    dbapi = dbapi_meth(**dbapi_args)
            ^^^^^^^^^^^^^^^^^^^^^^^^
_ _ _ _ _ _ _ _ _ _ _ _ _ _ _ _ _ _ _ _ _ _ _ _ _ _ _ _ _ _ _ _ _ _ _ _ _ _ _ _ 

cls = <class 'sqlalchemy.dialects.sqlite.aiosqlite.SQLiteDialect_aiosqlite'>

    @classmethod
    def import_dbapi(cls) -> AsyncAdapt_aiosqlite_dbapi:
        return AsyncAdapt_aiosqlite_dbapi(
>           __import__("aiosqlite"), __import__("sqlite3")
            ^^^^^^^^^^^^^^^^^^^^^^^
        )
E       ModuleNotFoundError: No module named 'aiosqlite'

/usr/local/lib/python3.11/site-packages/sqlalchemy/dialects/sqlite/aiosqlite.py:328: ModuleNotFoundError
_ ERROR at setup of TestResolution.test_a_broken_lookup_returns_the_default_rather_than_raising _

    @pytest_asyncio.fixture
    async def session_factory():
>       engine = create_async_engine("sqlite+aiosqlite:///:memory:")
                 ^^^^^^^^^^^^^^^^^^^^^^^^^^^^^^^^^^^^^^^^^^^^^^^^^^^

tests/test_branding.py:59: 
_ _ _ _ _ _ _ _ _ _ _ _ _ _ _ _ _ _ _ _ _ _ _ _ _ _ _ _ _ _ _ _ _ _ _ _ _ _ _ _ 
/usr/local/lib/python3.11/site-packages/sqlalchemy/ext/asyncio/engine.py:126: in create_async_engine
    sync_engine = _create_engine(url, **kw)
                  ^^^^^^^^^^^^^^^^^^^^^^^^^
<sqlalchemy generated warned() wrapper for sqlalchemy.engine.create.create_engine>:2: in create_engine
    return target(fn, url, **kwargs)
           ^^^^^^^^^^^^^^^^^^^^^^^^^
/usr/local/lib/python3.11/site-packages/sqlalchemy/util/deprecations.py:281: in warned
    return fn(*args, **kwargs)  # type: ignore[no-any-return]
           ^^^^^^^^^^^^^^^^^^^
/usr/local/lib/python3.11/site-packages/sqlalchemy/engine/create.py:602: in create_engine
    dbapi = dbapi_meth(**dbapi_args)
            ^^^^^^^^^^^^^^^^^^^^^^^^
_ _ _ _ _ _ _ _ _ _ _ _ _ _ _ _ _ _ _ _ _ _ _ _ _ _ _ _ _ _ _ _ _ _ _ _ _ _ _ _ 

cls = <class 'sqlalchemy.dialects.sqlite.aiosqlite.SQLiteDialect_aiosqlite'>

    @classmethod
    def import_dbapi(cls) -> AsyncAdapt_aiosqlite_dbapi:
        return AsyncAdapt_aiosqlite_dbapi(
>           __import__("aiosqlite"), __import__("sqlite3")
            ^^^^^^^^^^^^^^^^^^^^^^^
        )
E       ModuleNotFoundError: No module named 'aiosqlite'

/usr/local/lib/python3.11/site-packages/sqlalchemy/dialects/sqlite/aiosqlite.py:328: ModuleNotFoundError
_ ERROR at setup of TestAssets.test_the_logo_is_served_from_this_deployment_not_a_remote_url _

    @pytest_asyncio.fixture
    async def session_factory():
>       engine = create_async_engine("sqlite+aiosqlite:///:memory:")
                 ^^^^^^^^^^^^^^^^^^^^^^^^^^^^^^^^^^^^^^^^^^^^^^^^^^^

tests/test_branding.py:59: 
_ _ _ _ _ _ _ _ _ _ _ _ _ _ _ _ _ _ _ _ _ _ _ _ _ _ _ _ _ _ _ _ _ _ _ _ _ _ _ _ 
/usr/local/lib/python3.11/site-packages/sqlalchemy/ext/asyncio/engine.py:126: in create_async_engine
    sync_engine = _create_engine(url, **kw)
                  ^^^^^^^^^^^^^^^^^^^^^^^^^
<sqlalchemy generated warned() wrapper for sqlalchemy.engine.create.create_engine>:2: in create_engine
    return target(fn, url, **kwargs)
           ^^^^^^^^^^^^^^^^^^^^^^^^^
/usr/local/lib/python3.11/site-packages/sqlalchemy/util/deprecations.py:281: in warned
    return fn(*args, **kwargs)  # type: ignore[no-any-return]
           ^^^^^^^^^^^^^^^^^^^
/usr/local/lib/python3.11/site-packages/sqlalchemy/engine/create.py:602: in create_engine
    dbapi = dbapi_meth(**dbapi_args)
            ^^^^^^^^^^^^^^^^^^^^^^^^
_ _ _ _ _ _ _ _ _ _ _ _ _ _ _ _ _ _ _ _ _ _ _ _ _ _ _ _ _ _ _ _ _ _ _ _ _ _ _ _ 

cls = <class 'sqlalchemy.dialects.sqlite.aiosqlite.SQLiteDialect_aiosqlite'>

    @classmethod
    def import_dbapi(cls) -> AsyncAdapt_aiosqlite_dbapi:
        return AsyncAdapt_aiosqlite_dbapi(
>           __import__("aiosqlite"), __import__("sqlite3")
            ^^^^^^^^^^^^^^^^^^^^^^^
        )
E       ModuleNotFoundError: No module named 'aiosqlite'

/usr/local/lib/python3.11/site-packages/sqlalchemy/dialects/sqlite/aiosqlite.py:328: ModuleNotFoundError
_ ERROR at setup of TestAssets.test_inlining_produces_a_data_uri_with_no_outbound_reference _

    @pytest_asyncio.fixture
    async def session_factory():
>       engine = create_async_engine("sqlite+aiosqlite:///:memory:")
                 ^^^^^^^^^^^^^^^^^^^^^^^^^^^^^^^^^^^^^^^^^^^^^^^^^^^

tests/test_branding.py:59: 
_ _ _ _ _ _ _ _ _ _ _ _ _ _ _ _ _ _ _ _ _ _ _ _ _ _ _ _ _ _ _ _ _ _ _ _ _ _ _ _ 
/usr/local/lib/python3.11/site-packages/sqlalchemy/ext/asyncio/engine.py:126: in create_async_engine
    sync_engine = _create_engine(url, **kw)
                  ^^^^^^^^^^^^^^^^^^^^^^^^^
<sqlalchemy generated warned() wrapper for sqlalchemy.engine.create.create_engine>:2: in create_engine
    return target(fn, url, **kwargs)
           ^^^^^^^^^^^^^^^^^^^^^^^^^
/usr/local/lib/python3.11/site-packages/sqlalchemy/util/deprecations.py:281: in warned
    return fn(*args, **kwargs)  # type: ignore[no-any-return]
           ^^^^^^^^^^^^^^^^^^^
/usr/local/lib/python3.11/site-packages/sqlalchemy/engine/create.py:602: in create_engine
    dbapi = dbapi_meth(**dbapi_args)
            ^^^^^^^^^^^^^^^^^^^^^^^^
_ _ _ _ _ _ _ _ _ _ _ _ _ _ _ _ _ _ _ _ _ _ _ _ _ _ _ _ _ _ _ _ _ _ _ _ _ _ _ _ 

cls = <class 'sqlalchemy.dialects.sqlite.aiosqlite.SQLiteDialect_aiosqlite'>

    @classmethod
    def import_dbapi(cls) -> AsyncAdapt_aiosqlite_dbapi:
        return AsyncAdapt_aiosqlite_dbapi(
>           __import__("aiosqlite"), __import__("sqlite3")
            ^^^^^^^^^^^^^^^^^^^^^^^
        )
E       ModuleNotFoundError: No module named 'aiosqlite'

/usr/local/lib/python3.11/site-packages/sqlalchemy/dialects/sqlite/aiosqlite.py:328: ModuleNotFoundError
_ ERROR at setup of TestAssets.test_the_bytes_are_not_loaded_unless_asked_for __

    @pytest_asyncio.fixture
    async def session_factory():
>       engine = create_async_engine("sqlite+aiosqlite:///:memory:")
                 ^^^^^^^^^^^^^^^^^^^^^^^^^^^^^^^^^^^^^^^^^^^^^^^^^^^

tests/test_branding.py:59: 
_ _ _ _ _ _ _ _ _ _ _ _ _ _ _ _ _ _ _ _ _ _ _ _ _ _ _ _ _ _ _ _ _ _ _ _ _ _ _ _ 
/usr/local/lib/python3.11/site-packages/sqlalchemy/ext/asyncio/engine.py:126: in create_async_engine
    sync_engine = _create_engine(url, **kw)
                  ^^^^^^^^^^^^^^^^^^^^^^^^^
<sqlalchemy generated warned() wrapper for sqlalchemy.engine.create.create_engine>:2: in create_engine
    return target(fn, url, **kwargs)
           ^^^^^^^^^^^^^^^^^^^^^^^^^
/usr/local/lib/python3.11/site-packages/sqlalchemy/util/deprecations.py:281: in warned
    return fn(*args, **kwargs)  # type: ignore[no-any-return]
           ^^^^^^^^^^^^^^^^^^^
/usr/local/lib/python3.11/site-packages/sqlalchemy/engine/create.py:602: in create_engine
    dbapi = dbapi_meth(**dbapi_args)
            ^^^^^^^^^^^^^^^^^^^^^^^^
_ _ _ _ _ _ _ _ _ _ _ _ _ _ _ _ _ _ _ _ _ _ _ _ _ _ _ _ _ _ _ _ _ _ _ _ _ _ _ _ 

cls = <class 'sqlalchemy.dialects.sqlite.aiosqlite.SQLiteDialect_aiosqlite'>

    @classmethod
    def import_dbapi(cls) -> AsyncAdapt_aiosqlite_dbapi:
        return AsyncAdapt_aiosqlite_dbapi(
>           __import__("aiosqlite"), __import__("sqlite3")
            ^^^^^^^^^^^^^^^^^^^^^^^
        )
E       ModuleNotFoundError: No module named 'aiosqlite'

/usr/local/lib/python3.11/site-packages/sqlalchemy/dialects/sqlite/aiosqlite.py:328: ModuleNotFoundError
_ ERROR at setup of TestTheReport.test_a_white_labelled_report_carries_the_name_palette_and_logo _

    @pytest_asyncio.fixture
    async def session_factory():
>       engine = create_async_engine("sqlite+aiosqlite:///:memory:")
                 ^^^^^^^^^^^^^^^^^^^^^^^^^^^^^^^^^^^^^^^^^^^^^^^^^^^

tests/test_branding.py:59: 
_ _ _ _ _ _ _ _ _ _ _ _ _ _ _ _ _ _ _ _ _ _ _ _ _ _ _ _ _ _ _ _ _ _ _ _ _ _ _ _ 
/usr/local/lib/python3.11/site-packages/sqlalchemy/ext/asyncio/engine.py:126: in create_async_engine
    sync_engine = _create_engine(url, **kw)
                  ^^^^^^^^^^^^^^^^^^^^^^^^^
<sqlalchemy generated warned() wrapper for sqlalchemy.engine.create.create_engine>:2: in create_engine
    return target(fn, url, **kwargs)
           ^^^^^^^^^^^^^^^^^^^^^^^^^
/usr/local/lib/python3.11/site-packages/sqlalchemy/util/deprecations.py:281: in warned
    return fn(*args, **kwargs)  # type: ignore[no-any-return]
           ^^^^^^^^^^^^^^^^^^^
/usr/local/lib/python3.11/site-packages/sqlalchemy/engine/create.py:602: in create_engine
    dbapi = dbapi_meth(**dbapi_args)
            ^^^^^^^^^^^^^^^^^^^^^^^^
_ _ _ _ _ _ _ _ _ _ _ _ _ _ _ _ _ _ _ _ _ _ _ _ _ _ _ _ _ _ _ _ _ _ _ _ _ _ _ _ 

cls = <class 'sqlalchemy.dialects.sqlite.aiosqlite.SQLiteDialect_aiosqlite'>

    @classmethod
    def import_dbapi(cls) -> AsyncAdapt_aiosqlite_dbapi:
        return AsyncAdapt_aiosqlite_dbapi(
>           __import__("aiosqlite"), __import__("sqlite3")
            ^^^^^^^^^^^^^^^^^^^^^^^
        )
E       ModuleNotFoundError: No module named 'aiosqlite'

/usr/local/lib/python3.11/site-packages/sqlalchemy/dialects/sqlite/aiosqlite.py:328: ModuleNotFoundError
_ ERROR at setup of TestTheReport.test_the_report_makes_no_outbound_request_when_rendered _

    @pytest_asyncio.fixture
    async def session_factory():
>       engine = create_async_engine("sqlite+aiosqlite:///:memory:")
                 ^^^^^^^^^^^^^^^^^^^^^^^^^^^^^^^^^^^^^^^^^^^^^^^^^^^

tests/test_branding.py:59: 
_ _ _ _ _ _ _ _ _ _ _ _ _ _ _ _ _ _ _ _ _ _ _ _ _ _ _ _ _ _ _ _ _ _ _ _ _ _ _ _ 
/usr/local/lib/python3.11/site-packages/sqlalchemy/ext/asyncio/engine.py:126: in create_async_engine
    sync_engine = _create_engine(url, **kw)
                  ^^^^^^^^^^^^^^^^^^^^^^^^^
<sqlalchemy generated warned() wrapper for sqlalchemy.engine.create.create_engine>:2: in create_engine
    return target(fn, url, **kwargs)
           ^^^^^^^^^^^^^^^^^^^^^^^^^
/usr/local/lib/python3.11/site-packages/sqlalchemy/util/deprecations.py:281: in warned
    return fn(*args, **kwargs)  # type: ignore[no-any-return]
           ^^^^^^^^^^^^^^^^^^^
/usr/local/lib/python3.11/site-packages/sqlalchemy/engine/create.py:602: in create_engine
    dbapi = dbapi_meth(**dbapi_args)
            ^^^^^^^^^^^^^^^^^^^^^^^^
_ _ _ _ _ _ _ _ _ _ _ _ _ _ _ _ _ _ _ _ _ _ _ _ _ _ _ _ _ _ _ _ _ _ _ _ _ _ _ _ 

cls = <class 'sqlalchemy.dialects.sqlite.aiosqlite.SQLiteDialect_aiosqlite'>

    @classmethod
    def import_dbapi(cls) -> AsyncAdapt_aiosqlite_dbapi:
        return AsyncAdapt_aiosqlite_dbapi(
>           __import__("aiosqlite"), __import__("sqlite3")
            ^^^^^^^^^^^^^^^^^^^^^^^
        )
E       ModuleNotFoundError: No module named 'aiosqlite'

/usr/local/lib/python3.11/site-packages/sqlalchemy/dialects/sqlite/aiosqlite.py:328: ModuleNotFoundError
_ ERROR at setup of TestValueRefusals.test_a_name_that_could_not_be_a_tool_name_is_refused[] _

    @pytest_asyncio.fixture
    async def session_factory():
>       engine = create_async_engine("sqlite+aiosqlite:///:memory:")
                 ^^^^^^^^^^^^^^^^^^^^^^^^^^^^^^^^^^^^^^^^^^^^^^^^^^^

tests/test_mcp_registry.py:92: 
_ _ _ _ _ _ _ _ _ _ _ _ _ _ _ _ _ _ _ _ _ _ _ _ _ _ _ _ _ _ _ _ _ _ _ _ _ _ _ _ 
/usr/local/lib/python3.11/site-packages/sqlalchemy/ext/asyncio/engine.py:126: in create_async_engine
    sync_engine = _create_engine(url, **kw)
                  ^^^^^^^^^^^^^^^^^^^^^^^^^
<sqlalchemy generated warned() wrapper for sqlalchemy.engine.create.create_engine>:2: in create_engine
    return target(fn, url, **kwargs)
           ^^^^^^^^^^^^^^^^^^^^^^^^^
/usr/local/lib/python3.11/site-packages/sqlalchemy/util/deprecations.py:281: in warned
    return fn(*args, **kwargs)  # type: ignore[no-any-return]
           ^^^^^^^^^^^^^^^^^^^
/usr/local/lib/python3.11/site-packages/sqlalchemy/engine/create.py:602: in create_engine
    dbapi = dbapi_meth(**dbapi_args)
            ^^^^^^^^^^^^^^^^^^^^^^^^
_ _ _ _ _ _ _ _ _ _ _ _ _ _ _ _ _ _ _ _ _ _ _ _ _ _ _ _ _ _ _ _ _ _ _ _ _ _ _ _ 

cls = <class 'sqlalchemy.dialects.sqlite.aiosqlite.SQLiteDialect_aiosqlite'>

    @classmethod
    def import_dbapi(cls) -> AsyncAdapt_aiosqlite_dbapi:
        return AsyncAdapt_aiosqlite_dbapi(
>           __import__("aiosqlite"), __import__("sqlite3")
            ^^^^^^^^^^^^^^^^^^^^^^^
        )
E       ModuleNotFoundError: No module named 'aiosqlite'

/usr/local/lib/python3.11/site-packages/sqlalchemy/dialects/sqlite/aiosqlite.py:328: ModuleNotFoundError
_ ERROR at setup of TestValueRefusals.test_a_name_that_could_not_be_a_tool_name_is_refused[a] _

    @pytest_asyncio.fixture
    async def session_factory():
>       engine = create_async_engine("sqlite+aiosqlite:///:memory:")
                 ^^^^^^^^^^^^^^^^^^^^^^^^^^^^^^^^^^^^^^^^^^^^^^^^^^^

tests/test_mcp_registry.py:92: 
_ _ _ _ _ _ _ _ _ _ _ _ _ _ _ _ _ _ _ _ _ _ _ _ _ _ _ _ _ _ _ _ _ _ _ _ _ _ _ _ 
/usr/local/lib/python3.11/site-packages/sqlalchemy/ext/asyncio/engine.py:126: in create_async_engine
    sync_engine = _create_engine(url, **kw)
                  ^^^^^^^^^^^^^^^^^^^^^^^^^
<sqlalchemy generated warned() wrapper for sqlalchemy.engine.create.create_engine>:2: in create_engine
    return target(fn, url, **kwargs)
           ^^^^^^^^^^^^^^^^^^^^^^^^^
/usr/local/lib/python3.11/site-packages/sqlalchemy/util/deprecations.py:281: in warned
    return fn(*args, **kwargs)  # type: ignore[no-any-return]
           ^^^^^^^^^^^^^^^^^^^
/usr/local/lib/python3.11/site-packages/sqlalchemy/engine/create.py:602: in create_engine
    dbapi = dbapi_meth(**dbapi_args)
            ^^^^^^^^^^^^^^^^^^^^^^^^
_ _ _ _ _ _ _ _ _ _ _ _ _ _ _ _ _ _ _ _ _ _ _ _ _ _ _ _ _ _ _ _ _ _ _ _ _ _ _ _ 

cls = <class 'sqlalchemy.dialects.sqlite.aiosqlite.SQLiteDialect_aiosqlite'>

    @classmethod
    def import_dbapi(cls) -> AsyncAdapt_aiosqlite_dbapi:
        return AsyncAdapt_aiosqlite_dbapi(
>           __import__("aiosqlite"), __import__("sqlite3")
            ^^^^^^^^^^^^^^^^^^^^^^^
        )
E       ModuleNotFoundError: No module named 'aiosqlite'

/usr/local/lib/python3.11/site-packages/sqlalchemy/dialects/sqlite/aiosqlite.py:328: ModuleNotFoundError
_ ERROR at setup of TestValueRefusals.test_a_name_that_could_not_be_a_tool_name_is_refused[vendor server] _

    @pytest_asyncio.fixture
    async def session_factory():
>       engine = create_async_engine("sqlite+aiosqlite:///:memory:")
                 ^^^^^^^^^^^^^^^^^^^^^^^^^^^^^^^^^^^^^^^^^^^^^^^^^^^

tests/test_mcp_registry.py:92: 
_ _ _ _ _ _ _ _ _ _ _ _ _ _ _ _ _ _ _ _ _ _ _ _ _ _ _ _ _ _ _ _ _ _ _ _ _ _ _ _ 
/usr/local/lib/python3.11/site-packages/sqlalchemy/ext/asyncio/engine.py:126: in create_async_engine
    sync_engine = _create_engine(url, **kw)
                  ^^^^^^^^^^^^^^^^^^^^^^^^^
<sqlalchemy generated warned() wrapper for sqlalchemy.engine.create.create_engine>:2: in create_engine
    return target(fn, url, **kwargs)
           ^^^^^^^^^^^^^^^^^^^^^^^^^
/usr/local/lib/python3.11/site-packages/sqlalchemy/util/deprecations.py:281: in warned
    return fn(*args, **kwargs)  # type: ignore[no-any-return]
           ^^^^^^^^^^^^^^^^^^^
/usr/local/lib/python3.11/site-packages/sqlalchemy/engine/create.py:602: in create_engine
    dbapi = dbapi_meth(**dbapi_args)
            ^^^^^^^^^^^^^^^^^^^^^^^^
_ _ _ _ _ _ _ _ _ _ _ _ _ _ _ _ _ _ _ _ _ _ _ _ _ _ _ _ _ _ _ _ _ _ _ _ _ _ _ _ 

cls = <class 'sqlalchemy.dialects.sqlite.aiosqlite.SQLiteDialect_aiosqlite'>

    @classmethod
    def import_dbapi(cls) -> AsyncAdapt_aiosqlite_dbapi:
        return AsyncAdapt_aiosqlite_dbapi(
>           __import__("aiosqlite"), __import__("sqlite3")
            ^^^^^^^^^^^^^^^^^^^^^^^
        )
E       ModuleNotFoundError: No module named 'aiosqlite'

/usr/local/lib/python3.11/site-packages/sqlalchemy/dialects/sqlite/aiosqlite.py:328: ModuleNotFoundError
_ ERROR at setup of TestValueRefusals.test_a_name_that_could_not_be_a_tool_name_is_refused[vendor/../etc] _

    @pytest_asyncio.fixture
    async def session_factory():
>       engine = create_async_engine("sqlite+aiosqlite:///:memory:")
                 ^^^^^^^^^^^^^^^^^^^^^^^^^^^^^^^^^^^^^^^^^^^^^^^^^^^

tests/test_mcp_registry.py:92: 
_ _ _ _ _ _ _ _ _ _ _ _ _ _ _ _ _ _ _ _ _ _ _ _ _ _ _ _ _ _ _ _ _ _ _ _ _ _ _ _ 
/usr/local/lib/python3.11/site-packages/sqlalchemy/ext/asyncio/engine.py:126: in create_async_engine
    sync_engine = _create_engine(url, **kw)
                  ^^^^^^^^^^^^^^^^^^^^^^^^^
<sqlalchemy generated warned() wrapper for sqlalchemy.engine.create.create_engine>:2: in create_engine
    return target(fn, url, **kwargs)
           ^^^^^^^^^^^^^^^^^^^^^^^^^
/usr/local/lib/python3.11/site-packages/sqlalchemy/util/deprecations.py:281: in warned
    return fn(*args, **kwargs)  # type: ignore[no-any-return]
           ^^^^^^^^^^^^^^^^^^^
/usr/local/lib/python3.11/site-packages/sqlalchemy/engine/create.py:602: in create_engine
    dbapi = dbapi_meth(**dbapi_args)
            ^^^^^^^^^^^^^^^^^^^^^^^^
_ _ _ _ _ _ _ _ _ _ _ _ _ _ _ _ _ _ _ _ _ _ _ _ _ _ _ _ _ _ _ _ _ _ _ _ _ _ _ _ 

cls = <class 'sqlalchemy.dialects.sqlite.aiosqlite.SQLiteDialect_aiosqlite'>

    @classmethod
    def import_dbapi(cls) -> AsyncAdapt_aiosqlite_dbapi:
        return AsyncAdapt_aiosqlite_dbapi(
>           __import__("aiosqlite"), __import__("sqlite3")
            ^^^^^^^^^^^^^^^^^^^^^^^
        )
E       ModuleNotFoundError: No module named 'aiosqlite'

/usr/local/lib/python3.11/site-packages/sqlalchemy/dialects/sqlite/aiosqlite.py:328: ModuleNotFoundError
_ ERROR at setup of TestValueRefusals.test_a_name_that_could_not_be_a_tool_name_is_refused[-vendor] _

    @pytest_asyncio.fixture
    async def session_factory():
>       engine = create_async_engine("sqlite+aiosqlite:///:memory:")
                 ^^^^^^^^^^^^^^^^^^^^^^^^^^^^^^^^^^^^^^^^^^^^^^^^^^^

tests/test_mcp_registry.py:92: 
_ _ _ _ _ _ _ _ _ _ _ _ _ _ _ _ _ _ _ _ _ _ _ _ _ _ _ _ _ _ _ _ _ _ _ _ _ _ _ _ 
/usr/local/lib/python3.11/site-packages/sqlalchemy/ext/asyncio/engine.py:126: in create_async_engine
    sync_engine = _create_engine(url, **kw)
                  ^^^^^^^^^^^^^^^^^^^^^^^^^
<sqlalchemy generated warned() wrapper for sqlalchemy.engine.create.create_engine>:2: in create_engine
    return target(fn, url, **kwargs)
           ^^^^^^^^^^^^^^^^^^^^^^^^^
/usr/local/lib/python3.11/site-packages/sqlalchemy/util/deprecations.py:281: in warned
    return fn(*args, **kwargs)  # type: ignore[no-any-return]
           ^^^^^^^^^^^^^^^^^^^
/usr/local/lib/python3.11/site-packages/sqlalchemy/engine/create.py:602: in create_engine
    dbapi = dbapi_meth(**dbapi_args)
            ^^^^^^^^^^^^^^^^^^^^^^^^
_ _ _ _ _ _ _ _ _ _ _ _ _ _ _ _ _ _ _ _ _ _ _ _ _ _ _ _ _ _ _ _ _ _ _ _ _ _ _ _ 

cls = <class 'sqlalchemy.dialects.sqlite.aiosqlite.SQLiteDialect_aiosqlite'>

    @classmethod
    def import_dbapi(cls) -> AsyncAdapt_aiosqlite_dbapi:
        return AsyncAdapt_aiosqlite_dbapi(
>           __import__("aiosqlite"), __import__("sqlite3")
            ^^^^^^^^^^^^^^^^^^^^^^^
        )
E       ModuleNotFoundError: No module named 'aiosqlite'

/usr/local/lib/python3.11/site-packages/sqlalchemy/dialects/sqlite/aiosqlite.py:328: ModuleNotFoundError
_ ERROR at setup of TestValueRefusals.test_a_name_that_could_not_be_a_tool_name_is_refused[vendor-] _

    @pytest_asyncio.fixture
    async def session_factory():
>       engine = create_async_engine("sqlite+aiosqlite:///:memory:")
                 ^^^^^^^^^^^^^^^^^^^^^^^^^^^^^^^^^^^^^^^^^^^^^^^^^^^

tests/test_mcp_registry.py:92: 
_ _ _ _ _ _ _ _ _ _ _ _ _ _ _ _ _ _ _ _ _ _ _ _ _ _ _ _ _ _ _ _ _ _ _ _ _ _ _ _ 
/usr/local/lib/python3.11/site-packages/sqlalchemy/ext/asyncio/engine.py:126: in create_async_engine
    sync_engine = _create_engine(url, **kw)
                  ^^^^^^^^^^^^^^^^^^^^^^^^^
<sqlalchemy generated warned() wrapper for sqlalchemy.engine.create.create_engine>:2: in create_engine
    return target(fn, url, **kwargs)
           ^^^^^^^^^^^^^^^^^^^^^^^^^
/usr/local/lib/python3.11/site-packages/sqlalchemy/util/deprecations.py:281: in warned
    return fn(*args, **kwargs)  # type: ignore[no-any-return]
           ^^^^^^^^^^^^^^^^^^^
/usr/local/lib/python3.11/site-packages/sqlalchemy/engine/create.py:602: in create_engine
    dbapi = dbapi_meth(**dbapi_args)
            ^^^^^^^^^^^^^^^^^^^^^^^^
_ _ _ _ _ _ _ _ _ _ _ _ _ _ _ _ _ _ _ _ _ _ _ _ _ _ _ _ _ _ _ _ _ _ _ _ _ _ _ _ 

cls = <class 'sqlalchemy.dialects.sqlite.aiosqlite.SQLiteDialect_aiosqlite'>

    @classmethod
    def import_dbapi(cls) -> AsyncAdapt_aiosqlite_dbapi:
        return AsyncAdapt_aiosqlite_dbapi(
>           __import__("aiosqlite"), __import__("sqlite3")
            ^^^^^^^^^^^^^^^^^^^^^^^
        )
E       ModuleNotFoundError: No module named 'aiosqlite'

/usr/local/lib/python3.11/site-packages/sqlalchemy/dialects/sqlite/aiosqlite.py:328: ModuleNotFoundError
_ ERROR at setup of TestValueRefusals.test_a_name_that_could_not_be_a_tool_name_is_refused[vendor.example] _

    @pytest_asyncio.fixture
    async def session_factory():
>       engine = create_async_engine("sqlite+aiosqlite:///:memory:")
                 ^^^^^^^^^^^^^^^^^^^^^^^^^^^^^^^^^^^^^^^^^^^^^^^^^^^

tests/test_mcp_registry.py:92: 
_ _ _ _ _ _ _ _ _ _ _ _ _ _ _ _ _ _ _ _ _ _ _ _ _ _ _ _ _ _ _ _ _ _ _ _ _ _ _ _ 
/usr/local/lib/python3.11/site-packages/sqlalchemy/ext/asyncio/engine.py:126: in create_async_engine
    sync_engine = _create_engine(url, **kw)
                  ^^^^^^^^^^^^^^^^^^^^^^^^^
<sqlalchemy generated warned() wrapper for sqlalchemy.engine.create.create_engine>:2: in create_engine
    return target(fn, url, **kwargs)
           ^^^^^^^^^^^^^^^^^^^^^^^^^
/usr/local/lib/python3.11/site-packages/sqlalchemy/util/deprecations.py:281: in warned
    return fn(*args, **kwargs)  # type: ignore[no-any-return]
           ^^^^^^^^^^^^^^^^^^^
/usr/local/lib/python3.11/site-packages/sqlalchemy/engine/create.py:602: in create_engine
    dbapi = dbapi_meth(**dbapi_args)
            ^^^^^^^^^^^^^^^^^^^^^^^^
_ _ _ _ _ _ _ _ _ _ _ _ _ _ _ _ _ _ _ _ _ _ _ _ _ _ _ _ _ _ _ _ _ _ _ _ _ _ _ _ 

cls = <class 'sqlalchemy.dialects.sqlite.aiosqlite.SQLiteDialect_aiosqlite'>

    @classmethod
    def import_dbapi(cls) -> AsyncAdapt_aiosqlite_dbapi:
        return AsyncAdapt_aiosqlite_dbapi(
>           __import__("aiosqlite"), __import__("sqlite3")
            ^^^^^^^^^^^^^^^^^^^^^^^
        )
E       ModuleNotFoundError: No module named 'aiosqlite'

/usr/local/lib/python3.11/site-packages/sqlalchemy/dialects/sqlite/aiosqlite.py:328: ModuleNotFoundError
_ ERROR at setup of TestValueRefusals.test_a_name_is_normalised_to_the_case_the_tool_id_will_carry _

    @pytest_asyncio.fixture
    async def session_factory():
>       engine = create_async_engine("sqlite+aiosqlite:///:memory:")
                 ^^^^^^^^^^^^^^^^^^^^^^^^^^^^^^^^^^^^^^^^^^^^^^^^^^^

tests/test_mcp_registry.py:92: 
_ _ _ _ _ _ _ _ _ _ _ _ _ _ _ _ _ _ _ _ _ _ _ _ _ _ _ _ _ _ _ _ _ _ _ _ _ _ _ _ 
/usr/local/lib/python3.11/site-packages/sqlalchemy/ext/asyncio/engine.py:126: in create_async_engine
    sync_engine = _create_engine(url, **kw)
                  ^^^^^^^^^^^^^^^^^^^^^^^^^
<sqlalchemy generated warned() wrapper for sqlalchemy.engine.create.create_engine>:2: in create_engine
    return target(fn, url, **kwargs)
           ^^^^^^^^^^^^^^^^^^^^^^^^^
/usr/local/lib/python3.11/site-packages/sqlalchemy/util/deprecations.py:281: in warned
    return fn(*args, **kwargs)  # type: ignore[no-any-return]
           ^^^^^^^^^^^^^^^^^^^
/usr/local/lib/python3.11/site-packages/sqlalchemy/engine/create.py:602: in create_engine
    dbapi = dbapi_meth(**dbapi_args)
            ^^^^^^^^^^^^^^^^^^^^^^^^
_ _ _ _ _ _ _ _ _ _ _ _ _ _ _ _ _ _ _ _ _ _ _ _ _ _ _ _ _ _ _ _ _ _ _ _ _ _ _ _ 

cls = <class 'sqlalchemy.dialects.sqlite.aiosqlite.SQLiteDialect_aiosqlite'>

    @classmethod
    def import_dbapi(cls) -> AsyncAdapt_aiosqlite_dbapi:
        return AsyncAdapt_aiosqlite_dbapi(
>           __import__("aiosqlite"), __import__("sqlite3")
            ^^^^^^^^^^^^^^^^^^^^^^^
        )
E       ModuleNotFoundError: No module named 'aiosqlite'

/usr/local/lib/python3.11/site-packages/sqlalchemy/dialects/sqlite/aiosqlite.py:328: ModuleNotFoundError
_ ERROR at setup of TestValueRefusals.test_an_allowlist_entry_that_is_not_a_tool_name_is_refused_not_trimmed _

    @pytest_asyncio.fixture
    async def session_factory():
>       engine = create_async_engine("sqlite+aiosqlite:///:memory:")
                 ^^^^^^^^^^^^^^^^^^^^^^^^^^^^^^^^^^^^^^^^^^^^^^^^^^^

tests/test_mcp_registry.py:92: 
_ _ _ _ _ _ _ _ _ _ _ _ _ _ _ _ _ _ _ _ _ _ _ _ _ _ _ _ _ _ _ _ _ _ _ _ _ _ _ _ 
/usr/local/lib/python3.11/site-packages/sqlalchemy/ext/asyncio/engine.py:126: in create_async_engine
    sync_engine = _create_engine(url, **kw)
                  ^^^^^^^^^^^^^^^^^^^^^^^^^
<sqlalchemy generated warned() wrapper for sqlalchemy.engine.create.create_engine>:2: in create_engine
    return target(fn, url, **kwargs)
           ^^^^^^^^^^^^^^^^^^^^^^^^^
/usr/local/lib/python3.11/site-packages/sqlalchemy/util/deprecations.py:281: in warned
    return fn(*args, **kwargs)  # type: ignore[no-any-return]
           ^^^^^^^^^^^^^^^^^^^
/usr/local/lib/python3.11/site-packages/sqlalchemy/engine/create.py:602: in create_engine
    dbapi = dbapi_meth(**dbapi_args)
            ^^^^^^^^^^^^^^^^^^^^^^^^
_ _ _ _ _ _ _ _ _ _ _ _ _ _ _ _ _ _ _ _ _ _ _ _ _ _ _ _ _ _ _ _ _ _ _ _ _ _ _ _ 

cls = <class 'sqlalchemy.dialects.sqlite.aiosqlite.SQLiteDialect_aiosqlite'>

    @classmethod
    def import_dbapi(cls) -> AsyncAdapt_aiosqlite_dbapi:
        return AsyncAdapt_aiosqlite_dbapi(
>           __import__("aiosqlite"), __import__("sqlite3")
            ^^^^^^^^^^^^^^^^^^^^^^^
        )
E       ModuleNotFoundError: No module named 'aiosqlite'

/usr/local/lib/python3.11/site-packages/sqlalchemy/dialects/sqlite/aiosqlite.py:328: ModuleNotFoundError
_ ERROR at setup of TestValueRefusals.test_bounds_are_refused_outside_their_range _

    @pytest_asyncio.fixture
    async def session_factory():
>       engine = create_async_engine("sqlite+aiosqlite:///:memory:")
                 ^^^^^^^^^^^^^^^^^^^^^^^^^^^^^^^^^^^^^^^^^^^^^^^^^^^

tests/test_mcp_registry.py:92: 
_ _ _ _ _ _ _ _ _ _ _ _ _ _ _ _ _ _ _ _ _ _ _ _ _ _ _ _ _ _ _ _ _ _ _ _ _ _ _ _ 
/usr/local/lib/python3.11/site-packages/sqlalchemy/ext/asyncio/engine.py:126: in create_async_engine
    sync_engine = _create_engine(url, **kw)
                  ^^^^^^^^^^^^^^^^^^^^^^^^^
<sqlalchemy generated warned() wrapper for sqlalchemy.engine.create.create_engine>:2: in create_engine
    return target(fn, url, **kwargs)
           ^^^^^^^^^^^^^^^^^^^^^^^^^
/usr/local/lib/python3.11/site-packages/sqlalchemy/util/deprecations.py:281: in warned
    return fn(*args, **kwargs)  # type: ignore[no-any-return]
           ^^^^^^^^^^^^^^^^^^^
/usr/local/lib/python3.11/site-packages/sqlalchemy/engine/create.py:602: in create_engine
    dbapi = dbapi_meth(**dbapi_args)
            ^^^^^^^^^^^^^^^^^^^^^^^^
_ _ _ _ _ _ _ _ _ _ _ _ _ _ _ _ _ _ _ _ _ _ _ _ _ _ _ _ _ _ _ _ _ _ _ _ _ _ _ _ 

cls = <class 'sqlalchemy.dialects.sqlite.aiosqlite.SQLiteDialect_aiosqlite'>

    @classmethod
    def import_dbapi(cls) -> AsyncAdapt_aiosqlite_dbapi:
        return AsyncAdapt_aiosqlite_dbapi(
>           __import__("aiosqlite"), __import__("sqlite3")
            ^^^^^^^^^^^^^^^^^^^^^^^
        )
E       ModuleNotFoundError: No module named 'aiosqlite'

/usr/local/lib/python3.11/site-packages/sqlalchemy/dialects/sqlite/aiosqlite.py:328: ModuleNotFoundError
_ ERROR at setup of TestValueRefusals.test_a_duplicate_name_within_a_tenant_is_refused _

    @pytest_asyncio.fixture
    async def session_factory():
>       engine = create_async_engine("sqlite+aiosqlite:///:memory:")
                 ^^^^^^^^^^^^^^^^^^^^^^^^^^^^^^^^^^^^^^^^^^^^^^^^^^^

tests/test_mcp_registry.py:92: 
_ _ _ _ _ _ _ _ _ _ _ _ _ _ _ _ _ _ _ _ _ _ _ _ _ _ _ _ _ _ _ _ _ _ _ _ _ _ _ _ 
/usr/local/lib/python3.11/site-packages/sqlalchemy/ext/asyncio/engine.py:126: in create_async_engine
    sync_engine = _create_engine(url, **kw)
                  ^^^^^^^^^^^^^^^^^^^^^^^^^
<sqlalchemy generated warned() wrapper for sqlalchemy.engine.create.create_engine>:2: in create_engine
    return target(fn, url, **kwargs)
           ^^^^^^^^^^^^^^^^^^^^^^^^^
/usr/local/lib/python3.11/site-packages/sqlalchemy/util/deprecations.py:281: in warned
    return fn(*args, **kwargs)  # type: ignore[no-any-return]
           ^^^^^^^^^^^^^^^^^^^
/usr/local/lib/python3.11/site-packages/sqlalchemy/engine/create.py:602: in create_engine
    dbapi = dbapi_meth(**dbapi_args)
            ^^^^^^^^^^^^^^^^^^^^^^^^
_ _ _ _ _ _ _ _ _ _ _ _ _ _ _ _ _ _ _ _ _ _ _ _ _ _ _ _ _ _ _ _ _ _ _ _ _ _ _ _ 

cls = <class 'sqlalchemy.dialects.sqlite.aiosqlite.SQLiteDialect_aiosqlite'>

    @classmethod
    def import_dbapi(cls) -> AsyncAdapt_aiosqlite_dbapi:
        return AsyncAdapt_aiosqlite_dbapi(
>           __import__("aiosqlite"), __import__("sqlite3")
            ^^^^^^^^^^^^^^^^^^^^^^^
        )
E       ModuleNotFoundError: No module named 'aiosqlite'

/usr/local/lib/python3.11/site-packages/sqlalchemy/dialects/sqlite/aiosqlite.py:328: ModuleNotFoundError
_ ERROR at setup of TestValueRefusals.test_the_same_name_in_another_tenant_is_fine _

    @pytest_asyncio.fixture
    async def session_factory():
>       engine = create_async_engine("sqlite+aiosqlite:///:memory:")
                 ^^^^^^^^^^^^^^^^^^^^^^^^^^^^^^^^^^^^^^^^^^^^^^^^^^^

tests/test_mcp_registry.py:92: 
_ _ _ _ _ _ _ _ _ _ _ _ _ _ _ _ _ _ _ _ _ _ _ _ _ _ _ _ _ _ _ _ _ _ _ _ _ _ _ _ 
/usr/local/lib/python3.11/site-packages/sqlalchemy/ext/asyncio/engine.py:126: in create_async_engine
    sync_engine = _create_engine(url, **kw)
                  ^^^^^^^^^^^^^^^^^^^^^^^^^
<sqlalchemy generated warned() wrapper for sqlalchemy.engine.create.create_engine>:2: in create_engine
    return target(fn, url, **kwargs)
           ^^^^^^^^^^^^^^^^^^^^^^^^^
/usr/local/lib/python3.11/site-packages/sqlalchemy/util/deprecations.py:281: in warned
    return fn(*args, **kwargs)  # type: ignore[no-any-return]
           ^^^^^^^^^^^^^^^^^^^
/usr/local/lib/python3.11/site-packages/sqlalchemy/engine/create.py:602: in create_engine
    dbapi = dbapi_meth(**dbapi_args)
            ^^^^^^^^^^^^^^^^^^^^^^^^
_ _ _ _ _ _ _ _ _ _ _ _ _ _ _ _ _ _ _ _ _ _ _ _ _ _ _ _ _ _ _ _ _ _ _ _ _ _ _ _ 

cls = <class 'sqlalchemy.dialects.sqlite.aiosqlite.SQLiteDialect_aiosqlite'>

    @classmethod
    def import_dbapi(cls) -> AsyncAdapt_aiosqlite_dbapi:
        return AsyncAdapt_aiosqlite_dbapi(
>           __import__("aiosqlite"), __import__("sqlite3")
            ^^^^^^^^^^^^^^^^^^^^^^^
        )
E       ModuleNotFoundError: No module named 'aiosqlite'

/usr/local/lib/python3.11/site-packages/sqlalchemy/dialects/sqlite/aiosqlite.py:328: ModuleNotFoundError
_ ERROR at setup of TestClosedDefaults.test_a_server_saved_with_no_further_thought_advertises_nothing _

    @pytest_asyncio.fixture
    async def session_factory():
>       engine = create_async_engine("sqlite+aiosqlite:///:memory:")
                 ^^^^^^^^^^^^^^^^^^^^^^^^^^^^^^^^^^^^^^^^^^^^^^^^^^^

tests/test_mcp_registry.py:92: 
_ _ _ _ _ _ _ _ _ _ _ _ _ _ _ _ _ _ _ _ _ _ _ _ _ _ _ _ _ _ _ _ _ _ _ _ _ _ _ _ 
/usr/local/lib/python3.11/site-packages/sqlalchemy/ext/asyncio/engine.py:126: in create_async_engine
    sync_engine = _create_engine(url, **kw)
                  ^^^^^^^^^^^^^^^^^^^^^^^^^
<sqlalchemy generated warned() wrapper for sqlalchemy.engine.create.create_engine>:2: in create_engine
    return target(fn, url, **kwargs)
           ^^^^^^^^^^^^^^^^^^^^^^^^^
/usr/local/lib/python3.11/site-packages/sqlalchemy/util/deprecations.py:281: in warned
    return fn(*args, **kwargs)  # type: ignore[no-any-return]
           ^^^^^^^^^^^^^^^^^^^
/usr/local/lib/python3.11/site-packages/sqlalchemy/engine/create.py:602: in create_engine
    dbapi = dbapi_meth(**dbapi_args)
            ^^^^^^^^^^^^^^^^^^^^^^^^
_ _ _ _ _ _ _ _ _ _ _ _ _ _ _ _ _ _ _ _ _ _ _ _ _ _ _ _ _ _ _ _ _ _ _ _ _ _ _ _ 

cls = <class 'sqlalchemy.dialects.sqlite.aiosqlite.SQLiteDialect_aiosqlite'>

    @classmethod
    def import_dbapi(cls) -> AsyncAdapt_aiosqlite_dbapi:
        return AsyncAdapt_aiosqlite_dbapi(
>           __import__("aiosqlite"), __import__("sqlite3")
            ^^^^^^^^^^^^^^^^^^^^^^^
        )
E       ModuleNotFoundError: No module named 'aiosqlite'

/usr/local/lib/python3.11/site-packages/sqlalchemy/dialects/sqlite/aiosqlite.py:328: ModuleNotFoundError
_ ERROR at setup of TestClosedDefaults.test_a_disabled_server_is_not_resolved_for_the_agent _

    @pytest_asyncio.fixture
    async def session_factory():
>       engine = create_async_engine("sqlite+aiosqlite:///:memory:")
                 ^^^^^^^^^^^^^^^^^^^^^^^^^^^^^^^^^^^^^^^^^^^^^^^^^^^

tests/test_mcp_registry.py:92: 
_ _ _ _ _ _ _ _ _ _ _ _ _ _ _ _ _ _ _ _ _ _ _ _ _ _ _ _ _ _ _ _ _ _ _ _ _ _ _ _ 
/usr/local/lib/python3.11/site-packages/sqlalchemy/ext/asyncio/engine.py:126: in create_async_engine
    sync_engine = _create_engine(url, **kw)
                  ^^^^^^^^^^^^^^^^^^^^^^^^^
<sqlalchemy generated warned() wrapper for sqlalchemy.engine.create.create_engine>:2: in create_engine
    return target(fn, url, **kwargs)
           ^^^^^^^^^^^^^^^^^^^^^^^^^
/usr/local/lib/python3.11/site-packages/sqlalchemy/util/deprecations.py:281: in warned
    return fn(*args, **kwargs)  # type: ignore[no-any-return]
           ^^^^^^^^^^^^^^^^^^^
/usr/local/lib/python3.11/site-packages/sqlalchemy/engine/create.py:602: in create_engine
    dbapi = dbapi_meth(**dbapi_args)
            ^^^^^^^^^^^^^^^^^^^^^^^^
_ _ _ _ _ _ _ _ _ _ _ _ _ _ _ _ _ _ _ _ _ _ _ _ _ _ _ _ _ _ _ _ _ _ _ _ _ _ _ _ 

cls = <class 'sqlalchemy.dialects.sqlite.aiosqlite.SQLiteDialect_aiosqlite'>

    @classmethod
    def import_dbapi(cls) -> AsyncAdapt_aiosqlite_dbapi:
        return AsyncAdapt_aiosqlite_dbapi(
>           __import__("aiosqlite"), __import__("sqlite3")
            ^^^^^^^^^^^^^^^^^^^^^^^
        )
E       ModuleNotFoundError: No module named 'aiosqlite'

/usr/local/lib/python3.11/site-packages/sqlalchemy/dialects/sqlite/aiosqlite.py:328: ModuleNotFoundError
_ ERROR at setup of TestClosedDefaults.test_an_enabled_server_resolves_with_its_bounds _

    @pytest_asyncio.fixture
    async def session_factory():
>       engine = create_async_engine("sqlite+aiosqlite:///:memory:")
                 ^^^^^^^^^^^^^^^^^^^^^^^^^^^^^^^^^^^^^^^^^^^^^^^^^^^

tests/test_mcp_registry.py:92: 
_ _ _ _ _ _ _ _ _ _ _ _ _ _ _ _ _ _ _ _ _ _ _ _ _ _ _ _ _ _ _ _ _ _ _ _ _ _ _ _ 
/usr/local/lib/python3.11/site-packages/sqlalchemy/ext/asyncio/engine.py:126: in create_async_engine
    sync_engine = _create_engine(url, **kw)
                  ^^^^^^^^^^^^^^^^^^^^^^^^^
<sqlalchemy generated warned() wrapper for sqlalchemy.engine.create.create_engine>:2: in create_engine
    return target(fn, url, **kwargs)
           ^^^^^^^^^^^^^^^^^^^^^^^^^
/usr/local/lib/python3.11/site-packages/sqlalchemy/util/deprecations.py:281: in warned
    return fn(*args, **kwargs)  # type: ignore[no-any-return]
           ^^^^^^^^^^^^^^^^^^^
/usr/local/lib/python3.11/site-packages/sqlalchemy/engine/create.py:602: in create_engine
    dbapi = dbapi_meth(**dbapi_args)
            ^^^^^^^^^^^^^^^^^^^^^^^^
_ _ _ _ _ _ _ _ _ _ _ _ _ _ _ _ _ _ _ _ _ _ _ _ _ _ _ _ _ _ _ _ _ _ _ _ _ _ _ _ 

cls = <class 'sqlalchemy.dialects.sqlite.aiosqlite.SQLiteDialect_aiosqlite'>

    @classmethod
    def import_dbapi(cls) -> AsyncAdapt_aiosqlite_dbapi:
        return AsyncAdapt_aiosqlite_dbapi(
>           __import__("aiosqlite"), __import__("sqlite3")
            ^^^^^^^^^^^^^^^^^^^^^^^
        )
E       ModuleNotFoundError: No module named 'aiosqlite'

/usr/local/lib/python3.11/site-packages/sqlalchemy/dialects/sqlite/aiosqlite.py:328: ModuleNotFoundError
_ ERROR at setup of TestCredentialHandling.test_the_credential_is_ciphertext_at_rest _

    @pytest_asyncio.fixture
    async def session_factory():
>       engine = create_async_engine("sqlite+aiosqlite:///:memory:")
                 ^^^^^^^^^^^^^^^^^^^^^^^^^^^^^^^^^^^^^^^^^^^^^^^^^^^

tests/test_mcp_registry.py:92: 
_ _ _ _ _ _ _ _ _ _ _ _ _ _ _ _ _ _ _ _ _ _ _ _ _ _ _ _ _ _ _ _ _ _ _ _ _ _ _ _ 
/usr/local/lib/python3.11/site-packages/sqlalchemy/ext/asyncio/engine.py:126: in create_async_engine
    sync_engine = _create_engine(url, **kw)
                  ^^^^^^^^^^^^^^^^^^^^^^^^^
<sqlalchemy generated warned() wrapper for sqlalchemy.engine.create.create_engine>:2: in create_engine
    return target(fn, url, **kwargs)
           ^^^^^^^^^^^^^^^^^^^^^^^^^
/usr/local/lib/python3.11/site-packages/sqlalchemy/util/deprecations.py:281: in warned
    return fn(*args, **kwargs)  # type: ignore[no-any-return]
           ^^^^^^^^^^^^^^^^^^^
/usr/local/lib/python3.11/site-packages/sqlalchemy/engine/create.py:602: in create_engine
    dbapi = dbapi_meth(**dbapi_args)
            ^^^^^^^^^^^^^^^^^^^^^^^^
_ _ _ _ _ _ _ _ _ _ _ _ _ _ _ _ _ _ _ _ _ _ _ _ _ _ _ _ _ _ _ _ _ _ _ _ _ _ _ _ 

cls = <class 'sqlalchemy.dialects.sqlite.aiosqlite.SQLiteDialect_aiosqlite'>

    @classmethod
    def import_dbapi(cls) -> AsyncAdapt_aiosqlite_dbapi:
        return AsyncAdapt_aiosqlite_dbapi(
>           __import__("aiosqlite"), __import__("sqlite3")
            ^^^^^^^^^^^^^^^^^^^^^^^
        )
E       ModuleNotFoundError: No module named 'aiosqlite'

/usr/local/lib/python3.11/site-packages/sqlalchemy/dialects/sqlite/aiosqlite.py:328: ModuleNotFoundError
_ ERROR at setup of TestCredentialHandling.test_a_row_whose_credential_will_not_decrypt_is_dropped_not_downgraded _

    @pytest_asyncio.fixture
    async def session_factory():
>       engine = create_async_engine("sqlite+aiosqlite:///:memory:")
                 ^^^^^^^^^^^^^^^^^^^^^^^^^^^^^^^^^^^^^^^^^^^^^^^^^^^

tests/test_mcp_registry.py:92: 
_ _ _ _ _ _ _ _ _ _ _ _ _ _ _ _ _ _ _ _ _ _ _ _ _ _ _ _ _ _ _ _ _ _ _ _ _ _ _ _ 
/usr/local/lib/python3.11/site-packages/sqlalchemy/ext/asyncio/engine.py:126: in create_async_engine
    sync_engine = _create_engine(url, **kw)
                  ^^^^^^^^^^^^^^^^^^^^^^^^^
<sqlalchemy generated warned() wrapper for sqlalchemy.engine.create.create_engine>:2: in create_engine
    return target(fn, url, **kwargs)
           ^^^^^^^^^^^^^^^^^^^^^^^^^
/usr/local/lib/python3.11/site-packages/sqlalchemy/util/deprecations.py:281: in warned
    return fn(*args, **kwargs)  # type: ignore[no-any-return]
           ^^^^^^^^^^^^^^^^^^^
/usr/local/lib/python3.11/site-packages/sqlalchemy/engine/create.py:602: in create_engine
    dbapi = dbapi_meth(**dbapi_args)
            ^^^^^^^^^^^^^^^^^^^^^^^^
_ _ _ _ _ _ _ _ _ _ _ _ _ _ _ _ _ _ _ _ _ _ _ _ _ _ _ _ _ _ _ _ _ _ _ _ _ _ _ _ 

cls = <class 'sqlalchemy.dialects.sqlite.aiosqlite.SQLiteDialect_aiosqlite'>

    @classmethod
    def import_dbapi(cls) -> AsyncAdapt_aiosqlite_dbapi:
        return AsyncAdapt_aiosqlite_dbapi(
>           __import__("aiosqlite"), __import__("sqlite3")
            ^^^^^^^^^^^^^^^^^^^^^^^
        )
E       ModuleNotFoundError: No module named 'aiosqlite'

/usr/local/lib/python3.11/site-packages/sqlalchemy/dialects/sqlite/aiosqlite.py:328: ModuleNotFoundError
_ ERROR at setup of TestCredentialHandling.test_updating_a_credential_re_encrypts_and_leaves_the_rest _

    @pytest_asyncio.fixture
    async def session_factory():
>       engine = create_async_engine("sqlite+aiosqlite:///:memory:")
                 ^^^^^^^^^^^^^^^^^^^^^^^^^^^^^^^^^^^^^^^^^^^^^^^^^^^

tests/test_mcp_registry.py:92: 
_ _ _ _ _ _ _ _ _ _ _ _ _ _ _ _ _ _ _ _ _ _ _ _ _ _ _ _ _ _ _ _ _ _ _ _ _ _ _ _ 
/usr/local/lib/python3.11/site-packages/sqlalchemy/ext/asyncio/engine.py:126: in create_async_engine
    sync_engine = _create_engine(url, **kw)
                  ^^^^^^^^^^^^^^^^^^^^^^^^^
<sqlalchemy generated warned() wrapper for sqlalchemy.engine.create.create_engine>:2: in create_engine
    return target(fn, url, **kwargs)
           ^^^^^^^^^^^^^^^^^^^^^^^^^
/usr/local/lib/python3.11/site-packages/sqlalchemy/util/deprecations.py:281: in warned
    return fn(*args, **kwargs)  # type: ignore[no-any-return]
           ^^^^^^^^^^^^^^^^^^^
/usr/local/lib/python3.11/site-packages/sqlalchemy/engine/create.py:602: in create_engine
    dbapi = dbapi_meth(**dbapi_args)
            ^^^^^^^^^^^^^^^^^^^^^^^^
_ _ _ _ _ _ _ _ _ _ _ _ _ _ _ _ _ _ _ _ _ _ _ _ _ _ _ _ _ _ _ _ _ _ _ _ _ _ _ _ 

cls = <class 'sqlalchemy.dialects.sqlite.aiosqlite.SQLiteDialect_aiosqlite'>

    @classmethod
    def import_dbapi(cls) -> AsyncAdapt_aiosqlite_dbapi:
        return AsyncAdapt_aiosqlite_dbapi(
>           __import__("aiosqlite"), __import__("sqlite3")
            ^^^^^^^^^^^^^^^^^^^^^^^
        )
E       ModuleNotFoundError: No module named 'aiosqlite'

/usr/local/lib/python3.11/site-packages/sqlalchemy/dialects/sqlite/aiosqlite.py:328: ModuleNotFoundError
_ ERROR at setup of TestCredentialHandling.test_another_tenants_row_is_not_updatable_or_deletable _

    @pytest_asyncio.fixture
    async def session_factory():
>       engine = create_async_engine("sqlite+aiosqlite:///:memory:")
                 ^^^^^^^^^^^^^^^^^^^^^^^^^^^^^^^^^^^^^^^^^^^^^^^^^^^

tests/test_mcp_registry.py:92: 
_ _ _ _ _ _ _ _ _ _ _ _ _ _ _ _ _ _ _ _ _ _ _ _ _ _ _ _ _ _ _ _ _ _ _ _ _ _ _ _ 
/usr/local/lib/python3.11/site-packages/sqlalchemy/ext/asyncio/engine.py:126: in create_async_engine
    sync_engine = _create_engine(url, **kw)
                  ^^^^^^^^^^^^^^^^^^^^^^^^^
<sqlalchemy generated warned() wrapper for sqlalchemy.engine.create.create_engine>:2: in create_engine
    return target(fn, url, **kwargs)
           ^^^^^^^^^^^^^^^^^^^^^^^^^
/usr/local/lib/python3.11/site-packages/sqlalchemy/util/deprecations.py:281: in warned
    return fn(*args, **kwargs)  # type: ignore[no-any-return]
           ^^^^^^^^^^^^^^^^^^^
/usr/local/lib/python3.11/site-packages/sqlalchemy/engine/create.py:602: in create_engine
    dbapi = dbapi_meth(**dbapi_args)
            ^^^^^^^^^^^^^^^^^^^^^^^^
_ _ _ _ _ _ _ _ _ _ _ _ _ _ _ _ _ _ _ _ _ _ _ _ _ _ _ _ _ _ _ _ _ _ _ _ _ _ _ _ 

cls = <class 'sqlalchemy.dialects.sqlite.aiosqlite.SQLiteDialect_aiosqlite'>

    @classmethod
    def import_dbapi(cls) -> AsyncAdapt_aiosqlite_dbapi:
        return AsyncAdapt_aiosqlite_dbapi(
>           __import__("aiosqlite"), __import__("sqlite3")
            ^^^^^^^^^^^^^^^^^^^^^^^
        )
E       ModuleNotFoundError: No module named 'aiosqlite'

/usr/local/lib/python3.11/site-packages/sqlalchemy/dialects/sqlite/aiosqlite.py:328: ModuleNotFoundError
___ ERROR at setup of TestRoutes.test_the_console_never_sees_the_credential ____

    @pytest_asyncio.fixture
    async def session_factory():
>       engine = create_async_engine("sqlite+aiosqlite:///:memory:")
                 ^^^^^^^^^^^^^^^^^^^^^^^^^^^^^^^^^^^^^^^^^^^^^^^^^^^

tests/test_mcp_registry.py:92: 
_ _ _ _ _ _ _ _ _ _ _ _ _ _ _ _ _ _ _ _ _ _ _ _ _ _ _ _ _ _ _ _ _ _ _ _ _ _ _ _ 
/usr/local/lib/python3.11/site-packages/sqlalchemy/ext/asyncio/engine.py:126: in create_async_engine
    sync_engine = _create_engine(url, **kw)
                  ^^^^^^^^^^^^^^^^^^^^^^^^^
<sqlalchemy generated warned() wrapper for sqlalchemy.engine.create.create_engine>:2: in create_engine
    return target(fn, url, **kwargs)
           ^^^^^^^^^^^^^^^^^^^^^^^^^
/usr/local/lib/python3.11/site-packages/sqlalchemy/util/deprecations.py:281: in warned
    return fn(*args, **kwargs)  # type: ignore[no-any-return]
           ^^^^^^^^^^^^^^^^^^^
/usr/local/lib/python3.11/site-packages/sqlalchemy/engine/create.py:602: in create_engine
    dbapi = dbapi_meth(**dbapi_args)
            ^^^^^^^^^^^^^^^^^^^^^^^^
_ _ _ _ _ _ _ _ _ _ _ _ _ _ _ _ _ _ _ _ _ _ _ _ _ _ _ _ _ _ _ _ _ _ _ _ _ _ _ _ 

cls = <class 'sqlalchemy.dialects.sqlite.aiosqlite.SQLiteDialect_aiosqlite'>

    @classmethod
    def import_dbapi(cls) -> AsyncAdapt_aiosqlite_dbapi:
        return AsyncAdapt_aiosqlite_dbapi(
>           __import__("aiosqlite"), __import__("sqlite3")
            ^^^^^^^^^^^^^^^^^^^^^^^
        )
E       ModuleNotFoundError: No module named 'aiosqlite'

/usr/local/lib/python3.11/site-packages/sqlalchemy/dialects/sqlite/aiosqlite.py:328: ModuleNotFoundError
_ ERROR at setup of TestRoutes.test_the_internal_route_is_reachable_and_is_not_shadowed _

    @pytest_asyncio.fixture
    async def session_factory():
>       engine = create_async_engine("sqlite+aiosqlite:///:memory:")
                 ^^^^^^^^^^^^^^^^^^^^^^^^^^^^^^^^^^^^^^^^^^^^^^^^^^^

tests/test_mcp_registry.py:92: 
_ _ _ _ _ _ _ _ _ _ _ _ _ _ _ _ _ _ _ _ _ _ _ _ _ _ _ _ _ _ _ _ _ _ _ _ _ _ _ _ 
/usr/local/lib/python3.11/site-packages/sqlalchemy/ext/asyncio/engine.py:126: in create_async_engine
    sync_engine = _create_engine(url, **kw)
                  ^^^^^^^^^^^^^^^^^^^^^^^^^
<sqlalchemy generated warned() wrapper for sqlalchemy.engine.create.create_engine>:2: in create_engine
    return target(fn, url, **kwargs)
           ^^^^^^^^^^^^^^^^^^^^^^^^^
/usr/local/lib/python3.11/site-packages/sqlalchemy/util/deprecations.py:281: in warned
    return fn(*args, **kwargs)  # type: ignore[no-any-return]
           ^^^^^^^^^^^^^^^^^^^
/usr/local/lib/python3.11/site-packages/sqlalchemy/engine/create.py:602: in create_engine
    dbapi = dbapi_meth(**dbapi_args)
            ^^^^^^^^^^^^^^^^^^^^^^^^
_ _ _ _ _ _ _ _ _ _ _ _ _ _ _ _ _ _ _ _ _ _ _ _ _ _ _ _ _ _ _ _ _ _ _ _ _ _ _ _ 

cls = <class 'sqlalchemy.dialects.sqlite.aiosqlite.SQLiteDialect_aiosqlite'>

    @classmethod
    def import_dbapi(cls) -> AsyncAdapt_aiosqlite_dbapi:
        return AsyncAdapt_aiosqlite_dbapi(
>           __import__("aiosqlite"), __import__("sqlite3")
            ^^^^^^^^^^^^^^^^^^^^^^^
        )
E       ModuleNotFoundError: No module named 'aiosqlite'

/usr/local/lib/python3.11/site-packages/sqlalchemy/dialects/sqlite/aiosqlite.py:328: ModuleNotFoundError
_ ERROR at setup of TestRoutes.test_the_internal_route_refuses_without_the_token _

    @pytest_asyncio.fixture
    async def session_factory():
>       engine = create_async_engine("sqlite+aiosqlite:///:memory:")
                 ^^^^^^^^^^^^^^^^^^^^^^^^^^^^^^^^^^^^^^^^^^^^^^^^^^^

tests/test_mcp_registry.py:92: 
_ _ _ _ _ _ _ _ _ _ _ _ _ _ _ _ _ _ _ _ _ _ _ _ _ _ _ _ _ _ _ _ _ _ _ _ _ _ _ _ 
/usr/local/lib/python3.11/site-packages/sqlalchemy/ext/asyncio/engine.py:126: in create_async_engine
    sync_engine = _create_engine(url, **kw)
                  ^^^^^^^^^^^^^^^^^^^^^^^^^
<sqlalchemy generated warned() wrapper for sqlalchemy.engine.create.create_engine>:2: in create_engine
    return target(fn, url, **kwargs)
           ^^^^^^^^^^^^^^^^^^^^^^^^^
/usr/local/lib/python3.11/site-packages/sqlalchemy/util/deprecations.py:281: in warned
    return fn(*args, **kwargs)  # type: ignore[no-any-return]
           ^^^^^^^^^^^^^^^^^^^
/usr/local/lib/python3.11/site-packages/sqlalchemy/engine/create.py:602: in create_engine
    dbapi = dbapi_meth(**dbapi_args)
            ^^^^^^^^^^^^^^^^^^^^^^^^
_ _ _ _ _ _ _ _ _ _ _ _ _ _ _ _ _ _ _ _ _ _ _ _ _ _ _ _ _ _ _ _ _ _ _ _ _ _ _ _ 

cls = <class 'sqlalchemy.dialects.sqlite.aiosqlite.SQLiteDialect_aiosqlite'>

    @classmethod
    def import_dbapi(cls) -> AsyncAdapt_aiosqlite_dbapi:
        return AsyncAdapt_aiosqlite_dbapi(
>           __import__("aiosqlite"), __import__("sqlite3")
            ^^^^^^^^^^^^^^^^^^^^^^^
        )
E       ModuleNotFoundError: No module named 'aiosqlite'

/usr/local/lib/python3.11/site-packages/sqlalchemy/dialects/sqlite/aiosqlite.py:328: ModuleNotFoundError
_ ERROR at setup of TestRoutes.test_an_unset_service_token_shuts_the_internal_route_rather_than_opening_it _

    @pytest_asyncio.fixture
    async def session_factory():
>       engine = create_async_engine("sqlite+aiosqlite:///:memory:")
                 ^^^^^^^^^^^^^^^^^^^^^^^^^^^^^^^^^^^^^^^^^^^^^^^^^^^

tests/test_mcp_registry.py:92: 
_ _ _ _ _ _ _ _ _ _ _ _ _ _ _ _ _ _ _ _ _ _ _ _ _ _ _ _ _ _ _ _ _ _ _ _ _ _ _ _ 
/usr/local/lib/python3.11/site-packages/sqlalchemy/ext/asyncio/engine.py:126: in create_async_engine
    sync_engine = _create_engine(url, **kw)
                  ^^^^^^^^^^^^^^^^^^^^^^^^^
<sqlalchemy generated warned() wrapper for sqlalchemy.engine.create.create_engine>:2: in create_engine
    return target(fn, url, **kwargs)
           ^^^^^^^^^^^^^^^^^^^^^^^^^
/usr/local/lib/python3.11/site-packages/sqlalchemy/util/deprecations.py:281: in warned
    return fn(*args, **kwargs)  # type: ignore[no-any-return]
           ^^^^^^^^^^^^^^^^^^^
/usr/local/lib/python3.11/site-packages/sqlalchemy/engine/create.py:602: in create_engine
    dbapi = dbapi_meth(**dbapi_args)
            ^^^^^^^^^^^^^^^^^^^^^^^^
_ _ _ _ _ _ _ _ _ _ _ _ _ _ _ _ _ _ _ _ _ _ _ _ _ _ _ _ _ _ _ _ _ _ _ _ _ _ _ _ 

cls = <class 'sqlalchemy.dialects.sqlite.aiosqlite.SQLiteDialect_aiosqlite'>

    @classmethod
    def import_dbapi(cls) -> AsyncAdapt_aiosqlite_dbapi:
        return AsyncAdapt_aiosqlite_dbapi(
>           __import__("aiosqlite"), __import__("sqlite3")
            ^^^^^^^^^^^^^^^^^^^^^^^
        )
E       ModuleNotFoundError: No module named 'aiosqlite'

/usr/local/lib/python3.11/site-packages/sqlalchemy/dialects/sqlite/aiosqlite.py:328: ModuleNotFoundError
_ ERROR at setup of TestRoutes.test_a_valid_console_session_is_still_refused_plaintext _

    @pytest_asyncio.fixture
    async def session_factory():
>       engine = create_async_engine("sqlite+aiosqlite:///:memory:")
                 ^^^^^^^^^^^^^^^^^^^^^^^^^^^^^^^^^^^^^^^^^^^^^^^^^^^

tests/test_mcp_registry.py:92: 
_ _ _ _ _ _ _ _ _ _ _ _ _ _ _ _ _ _ _ _ _ _ _ _ _ _ _ _ _ _ _ _ _ _ _ _ _ _ _ _ 
/usr/local/lib/python3.11/site-packages/sqlalchemy/ext/asyncio/engine.py:126: in create_async_engine
    sync_engine = _create_engine(url, **kw)
                  ^^^^^^^^^^^^^^^^^^^^^^^^^
<sqlalchemy generated warned() wrapper for sqlalchemy.engine.create.create_engine>:2: in create_engine
    return target(fn, url, **kwargs)
           ^^^^^^^^^^^^^^^^^^^^^^^^^
/usr/local/lib/python3.11/site-packages/sqlalchemy/util/deprecations.py:281: in warned
    return fn(*args, **kwargs)  # type: ignore[no-any-return]
           ^^^^^^^^^^^^^^^^^^^
/usr/local/lib/python3.11/site-packages/sqlalchemy/engine/create.py:602: in create_engine
    dbapi = dbapi_meth(**dbapi_args)
            ^^^^^^^^^^^^^^^^^^^^^^^^
_ _ _ _ _ _ _ _ _ _ _ _ _ _ _ _ _ _ _ _ _ _ _ _ _ _ _ _ _ _ _ _ _ _ _ _ _ _ _ _ 

cls = <class 'sqlalchemy.dialects.sqlite.aiosqlite.SQLiteDialect_aiosqlite'>

    @classmethod
    def import_dbapi(cls) -> AsyncAdapt_aiosqlite_dbapi:
        return AsyncAdapt_aiosqlite_dbapi(
>           __import__("aiosqlite"), __import__("sqlite3")
            ^^^^^^^^^^^^^^^^^^^^^^^
        )
E       ModuleNotFoundError: No module named 'aiosqlite'

/usr/local/lib/python3.11/site-packages/sqlalchemy/dialects/sqlite/aiosqlite.py:328: ModuleNotFoundError
_ ERROR at setup of TestRoutes.test_the_internal_route_requires_a_named_tenant _

    @pytest_asyncio.fixture
    async def session_factory():
>       engine = create_async_engine("sqlite+aiosqlite:///:memory:")
                 ^^^^^^^^^^^^^^^^^^^^^^^^^^^^^^^^^^^^^^^^^^^^^^^^^^^

tests/test_mcp_registry.py:92: 
_ _ _ _ _ _ _ _ _ _ _ _ _ _ _ _ _ _ _ _ _ _ _ _ _ _ _ _ _ _ _ _ _ _ _ _ _ _ _ _ 
/usr/local/lib/python3.11/site-packages/sqlalchemy/ext/asyncio/engine.py:126: in create_async_engine
    sync_engine = _create_engine(url, **kw)
                  ^^^^^^^^^^^^^^^^^^^^^^^^^
<sqlalchemy generated warned() wrapper for sqlalchemy.engine.create.create_engine>:2: in create_engine
    return target(fn, url, **kwargs)
           ^^^^^^^^^^^^^^^^^^^^^^^^^
/usr/local/lib/python3.11/site-packages/sqlalchemy/util/deprecations.py:281: in warned
    return fn(*args, **kwargs)  # type: ignore[no-any-return]
           ^^^^^^^^^^^^^^^^^^^
/usr/local/lib/python3.11/site-packages/sqlalchemy/engine/create.py:602: in create_engine
    dbapi = dbapi_meth(**dbapi_args)
            ^^^^^^^^^^^^^^^^^^^^^^^^
_ _ _ _ _ _ _ _ _ _ _ _ _ _ _ _ _ _ _ _ _ _ _ _ _ _ _ _ _ _ _ _ _ _ _ _ _ _ _ _ 

cls = <class 'sqlalchemy.dialects.sqlite.aiosqlite.SQLiteDialect_aiosqlite'>

    @classmethod
    def import_dbapi(cls) -> AsyncAdapt_aiosqlite_dbapi:
        return AsyncAdapt_aiosqlite_dbapi(
>           __import__("aiosqlite"), __import__("sqlite3")
            ^^^^^^^^^^^^^^^^^^^^^^^
        )
E       ModuleNotFoundError: No module named 'aiosqlite'

/usr/local/lib/python3.11/site-packages/sqlalchemy/dialects/sqlite/aiosqlite.py:328: ModuleNotFoundError
_ ERROR at setup of TestRoutes.test_creating_through_the_route_refuses_a_metadata_target _

    @pytest_asyncio.fixture
    async def session_factory():
>       engine = create_async_engine("sqlite+aiosqlite:///:memory:")
                 ^^^^^^^^^^^^^^^^^^^^^^^^^^^^^^^^^^^^^^^^^^^^^^^^^^^

tests/test_mcp_registry.py:92: 
_ _ _ _ _ _ _ _ _ _ _ _ _ _ _ _ _ _ _ _ _ _ _ _ _ _ _ _ _ _ _ _ _ _ _ _ _ _ _ _ 
/usr/local/lib/python3.11/site-packages/sqlalchemy/ext/asyncio/engine.py:126: in create_async_engine
    sync_engine = _create_engine(url, **kw)
                  ^^^^^^^^^^^^^^^^^^^^^^^^^
<sqlalchemy generated warned() wrapper for sqlalchemy.engine.create.create_engine>:2: in create_engine
    return target(fn, url, **kwargs)
           ^^^^^^^^^^^^^^^^^^^^^^^^^
/usr/local/lib/python3.11/site-packages/sqlalchemy/util/deprecations.py:281: in warned
    return fn(*args, **kwargs)  # type: ignore[no-any-return]
           ^^^^^^^^^^^^^^^^^^^
/usr/local/lib/python3.11/site-packages/sqlalchemy/engine/create.py:602: in create_engine
    dbapi = dbapi_meth(**dbapi_args)
            ^^^^^^^^^^^^^^^^^^^^^^^^
_ _ _ _ _ _ _ _ _ _ _ _ _ _ _ _ _ _ _ _ _ _ _ _ _ _ _ _ _ _ _ _ _ _ _ _ _ _ _ _ 

cls = <class 'sqlalchemy.dialects.sqlite.aiosqlite.SQLiteDialect_aiosqlite'>

    @classmethod
    def import_dbapi(cls) -> AsyncAdapt_aiosqlite_dbapi:
        return AsyncAdapt_aiosqlite_dbapi(
>           __import__("aiosqlite"), __import__("sqlite3")
            ^^^^^^^^^^^^^^^^^^^^^^^
        )
E       ModuleNotFoundError: No module named 'aiosqlite'

/usr/local/lib/python3.11/site-packages/sqlalchemy/dialects/sqlite/aiosqlite.py:328: ModuleNotFoundError
_ ERROR at setup of TestTokens.test_raw_secret_is_not_recoverable_from_the_row _

    @pytest_asyncio.fixture
    async def session_factory():
>       engine = create_async_engine("sqlite+aiosqlite:///:memory:")
                 ^^^^^^^^^^^^^^^^^^^^^^^^^^^^^^^^^^^^^^^^^^^^^^^^^^^

tests/test_scim_provisioning.py:168: 
_ _ _ _ _ _ _ _ _ _ _ _ _ _ _ _ _ _ _ _ _ _ _ _ _ _ _ _ _ _ _ _ _ _ _ _ _ _ _ _ 
/usr/local/lib/python3.11/site-packages/sqlalchemy/ext/asyncio/engine.py:126: in create_async_engine
    sync_engine = _create_engine(url, **kw)
                  ^^^^^^^^^^^^^^^^^^^^^^^^^
<sqlalchemy generated warned() wrapper for sqlalchemy.engine.create.create_engine>:2: in create_engine
    return target(fn, url, **kwargs)
           ^^^^^^^^^^^^^^^^^^^^^^^^^
/usr/local/lib/python3.11/site-packages/sqlalchemy/util/deprecations.py:281: in warned
    return fn(*args, **kwargs)  # type: ignore[no-any-return]
           ^^^^^^^^^^^^^^^^^^^
/usr/local/lib/python3.11/site-packages/sqlalchemy/engine/create.py:602: in create_engine
    dbapi = dbapi_meth(**dbapi_args)
            ^^^^^^^^^^^^^^^^^^^^^^^^
_ _ _ _ _ _ _ _ _ _ _ _ _ _ _ _ _ _ _ _ _ _ _ _ _ _ _ _ _ _ _ _ _ _ _ _ _ _ _ _ 

cls = <class 'sqlalchemy.dialects.sqlite.aiosqlite.SQLiteDialect_aiosqlite'>

    @classmethod
    def import_dbapi(cls) -> AsyncAdapt_aiosqlite_dbapi:
        return AsyncAdapt_aiosqlite_dbapi(
>           __import__("aiosqlite"), __import__("sqlite3")
            ^^^^^^^^^^^^^^^^^^^^^^^
        )
E       ModuleNotFoundError: No module named 'aiosqlite'

/usr/local/lib/python3.11/site-packages/sqlalchemy/dialects/sqlite/aiosqlite.py:328: ModuleNotFoundError
_ ERROR at setup of TestTokens.test_a_bad_credential_gets_a_scim_error_with_no_detail[Bearer not-a-scim-token] _

    @pytest_asyncio.fixture
    async def session_factory():
>       engine = create_async_engine("sqlite+aiosqlite:///:memory:")
                 ^^^^^^^^^^^^^^^^^^^^^^^^^^^^^^^^^^^^^^^^^^^^^^^^^^^

tests/test_scim_provisioning.py:168: 
_ _ _ _ _ _ _ _ _ _ _ _ _ _ _ _ _ _ _ _ _ _ _ _ _ _ _ _ _ _ _ _ _ _ _ _ _ _ _ _ 
/usr/local/lib/python3.11/site-packages/sqlalchemy/ext/asyncio/engine.py:126: in create_async_engine
    sync_engine = _create_engine(url, **kw)
                  ^^^^^^^^^^^^^^^^^^^^^^^^^
<sqlalchemy generated warned() wrapper for sqlalchemy.engine.create.create_engine>:2: in create_engine
    return target(fn, url, **kwargs)
           ^^^^^^^^^^^^^^^^^^^^^^^^^
/usr/local/lib/python3.11/site-packages/sqlalchemy/util/deprecations.py:281: in warned
    return fn(*args, **kwargs)  # type: ignore[no-any-return]
           ^^^^^^^^^^^^^^^^^^^
/usr/local/lib/python3.11/site-packages/sqlalchemy/engine/create.py:602: in create_engine
    dbapi = dbapi_meth(**dbapi_args)
            ^^^^^^^^^^^^^^^^^^^^^^^^
_ _ _ _ _ _ _ _ _ _ _ _ _ _ _ _ _ _ _ _ _ _ _ _ _ _ _ _ _ _ _ _ _ _ _ _ _ _ _ _ 

cls = <class 'sqlalchemy.dialects.sqlite.aiosqlite.SQLiteDialect_aiosqlite'>

    @classmethod
    def import_dbapi(cls) -> AsyncAdapt_aiosqlite_dbapi:
        return AsyncAdapt_aiosqlite_dbapi(
>           __import__("aiosqlite"), __import__("sqlite3")
            ^^^^^^^^^^^^^^^^^^^^^^^
        )
E       ModuleNotFoundError: No module named 'aiosqlite'

/usr/local/lib/python3.11/site-packages/sqlalchemy/dialects/sqlite/aiosqlite.py:328: ModuleNotFoundError
_ ERROR at setup of TestTokens.test_a_bad_credential_gets_a_scim_error_with_no_detail[Bearer aisoc_scim_deadbeef] _

    @pytest_asyncio.fixture
    async def session_factory():
>       engine = create_async_engine("sqlite+aiosqlite:///:memory:")
                 ^^^^^^^^^^^^^^^^^^^^^^^^^^^^^^^^^^^^^^^^^^^^^^^^^^^

tests/test_scim_provisioning.py:168: 
_ _ _ _ _ _ _ _ _ _ _ _ _ _ _ _ _ _ _ _ _ _ _ _ _ _ _ _ _ _ _ _ _ _ _ _ _ _ _ _ 
/usr/local/lib/python3.11/site-packages/sqlalchemy/ext/asyncio/engine.py:126: in create_async_engine
    sync_engine = _create_engine(url, **kw)
                  ^^^^^^^^^^^^^^^^^^^^^^^^^
<sqlalchemy generated warned() wrapper for sqlalchemy.engine.create.create_engine>:2: in create_engine
    return target(fn, url, **kwargs)
           ^^^^^^^^^^^^^^^^^^^^^^^^^
/usr/local/lib/python3.11/site-packages/sqlalchemy/util/deprecations.py:281: in warned
    return fn(*args, **kwargs)  # type: ignore[no-any-return]
           ^^^^^^^^^^^^^^^^^^^
/usr/local/lib/python3.11/site-packages/sqlalchemy/engine/create.py:602: in create_engine
    dbapi = dbapi_meth(**dbapi_args)
            ^^^^^^^^^^^^^^^^^^^^^^^^
_ _ _ _ _ _ _ _ _ _ _ _ _ _ _ _ _ _ _ _ _ _ _ _ _ _ _ _ _ _ _ _ _ _ _ _ _ _ _ _ 

cls = <class 'sqlalchemy.dialects.sqlite.aiosqlite.SQLiteDialect_aiosqlite'>

    @classmethod
    def import_dbapi(cls) -> AsyncAdapt_aiosqlite_dbapi:
        return AsyncAdapt_aiosqlite_dbapi(
>           __import__("aiosqlite"), __import__("sqlite3")
            ^^^^^^^^^^^^^^^^^^^^^^^
        )
E       ModuleNotFoundError: No module named 'aiosqlite'

/usr/local/lib/python3.11/site-packages/sqlalchemy/dialects/sqlite/aiosqlite.py:328: ModuleNotFoundError
_ ERROR at setup of TestTokens.test_a_bad_credential_gets_a_scim_error_with_no_detail[Bearer ] _

    @pytest_asyncio.fixture
    async def session_factory():
>       engine = create_async_engine("sqlite+aiosqlite:///:memory:")
                 ^^^^^^^^^^^^^^^^^^^^^^^^^^^^^^^^^^^^^^^^^^^^^^^^^^^

tests/test_scim_provisioning.py:168: 
_ _ _ _ _ _ _ _ _ _ _ _ _ _ _ _ _ _ _ _ _ _ _ _ _ _ _ _ _ _ _ _ _ _ _ _ _ _ _ _ 
/usr/local/lib/python3.11/site-packages/sqlalchemy/ext/asyncio/engine.py:126: in create_async_engine
    sync_engine = _create_engine(url, **kw)
                  ^^^^^^^^^^^^^^^^^^^^^^^^^
<sqlalchemy generated warned() wrapper for sqlalchemy.engine.create.create_engine>:2: in create_engine
    return target(fn, url, **kwargs)
           ^^^^^^^^^^^^^^^^^^^^^^^^^
/usr/local/lib/python3.11/site-packages/sqlalchemy/util/deprecations.py:281: in warned
    return fn(*args, **kwargs)  # type: ignore[no-any-return]
           ^^^^^^^^^^^^^^^^^^^
/usr/local/lib/python3.11/site-packages/sqlalchemy/engine/create.py:602: in create_engine
    dbapi = dbapi_meth(**dbapi_args)
            ^^^^^^^^^^^^^^^^^^^^^^^^
_ _ _ _ _ _ _ _ _ _ _ _ _ _ _ _ _ _ _ _ _ _ _ _ _ _ _ _ _ _ _ _ _ _ _ _ _ _ _ _ 

cls = <class 'sqlalchemy.dialects.sqlite.aiosqlite.SQLiteDialect_aiosqlite'>

    @classmethod
    def import_dbapi(cls) -> AsyncAdapt_aiosqlite_dbapi:
        return AsyncAdapt_aiosqlite_dbapi(
>           __import__("aiosqlite"), __import__("sqlite3")
            ^^^^^^^^^^^^^^^^^^^^^^^
        )
E       ModuleNotFoundError: No module named 'aiosqlite'

/usr/local/lib/python3.11/site-packages/sqlalchemy/dialects/sqlite/aiosqlite.py:328: ModuleNotFoundError
______ ERROR at setup of TestTokens.test_no_credential_at_all_is_refused _______

    @pytest_asyncio.fixture
    async def session_factory():
>       engine = create_async_engine("sqlite+aiosqlite:///:memory:")
                 ^^^^^^^^^^^^^^^^^^^^^^^^^^^^^^^^^^^^^^^^^^^^^^^^^^^

tests/test_scim_provisioning.py:168: 
_ _ _ _ _ _ _ _ _ _ _ _ _ _ _ _ _ _ _ _ _ _ _ _ _ _ _ _ _ _ _ _ _ _ _ _ _ _ _ _ 
/usr/local/lib/python3.11/site-packages/sqlalchemy/ext/asyncio/engine.py:126: in create_async_engine
    sync_engine = _create_engine(url, **kw)
                  ^^^^^^^^^^^^^^^^^^^^^^^^^
<sqlalchemy generated warned() wrapper for sqlalchemy.engine.create.create_engine>:2: in create_engine
    return target(fn, url, **kwargs)
           ^^^^^^^^^^^^^^^^^^^^^^^^^
/usr/local/lib/python3.11/site-packages/sqlalchemy/util/deprecations.py:281: in warned
    return fn(*args, **kwargs)  # type: ignore[no-any-return]
           ^^^^^^^^^^^^^^^^^^^
/usr/local/lib/python3.11/site-packages/sqlalchemy/engine/create.py:602: in create_engine
    dbapi = dbapi_meth(**dbapi_args)
            ^^^^^^^^^^^^^^^^^^^^^^^^
_ _ _ _ _ _ _ _ _ _ _ _ _ _ _ _ _ _ _ _ _ _ _ _ _ _ _ _ _ _ _ _ _ _ _ _ _ _ _ _ 

cls = <class 'sqlalchemy.dialects.sqlite.aiosqlite.SQLiteDialect_aiosqlite'>

    @classmethod
    def import_dbapi(cls) -> AsyncAdapt_aiosqlite_dbapi:
        return AsyncAdapt_aiosqlite_dbapi(
>           __import__("aiosqlite"), __import__("sqlite3")
            ^^^^^^^^^^^^^^^^^^^^^^^
        )
E       ModuleNotFoundError: No module named 'aiosqlite'

/usr/local/lib/python3.11/site-packages/sqlalchemy/dialects/sqlite/aiosqlite.py:328: ModuleNotFoundError
___ ERROR at setup of TestTokens.test_revoked_and_expired_tokens_are_refused ___

    @pytest_asyncio.fixture
    async def session_factory():
>       engine = create_async_engine("sqlite+aiosqlite:///:memory:")
                 ^^^^^^^^^^^^^^^^^^^^^^^^^^^^^^^^^^^^^^^^^^^^^^^^^^^

tests/test_scim_provisioning.py:168: 
_ _ _ _ _ _ _ _ _ _ _ _ _ _ _ _ _ _ _ _ _ _ _ _ _ _ _ _ _ _ _ _ _ _ _ _ _ _ _ _ 
/usr/local/lib/python3.11/site-packages/sqlalchemy/ext/asyncio/engine.py:126: in create_async_engine
    sync_engine = _create_engine(url, **kw)
                  ^^^^^^^^^^^^^^^^^^^^^^^^^
<sqlalchemy generated warned() wrapper for sqlalchemy.engine.create.create_engine>:2: in create_engine
    return target(fn, url, **kwargs)
           ^^^^^^^^^^^^^^^^^^^^^^^^^
/usr/local/lib/python3.11/site-packages/sqlalchemy/util/deprecations.py:281: in warned
    return fn(*args, **kwargs)  # type: ignore[no-any-return]
           ^^^^^^^^^^^^^^^^^^^
/usr/local/lib/python3.11/site-packages/sqlalchemy/engine/create.py:602: in create_engine
    dbapi = dbapi_meth(**dbapi_args)
            ^^^^^^^^^^^^^^^^^^^^^^^^
_ _ _ _ _ _ _ _ _ _ _ _ _ _ _ _ _ _ _ _ _ _ _ _ _ _ _ _ _ _ _ _ _ _ _ _ _ _ _ _ 

cls = <class 'sqlalchemy.dialects.sqlite.aiosqlite.SQLiteDialect_aiosqlite'>

    @classmethod
    def import_dbapi(cls) -> AsyncAdapt_aiosqlite_dbapi:
        return AsyncAdapt_aiosqlite_dbapi(
>           __import__("aiosqlite"), __import__("sqlite3")
            ^^^^^^^^^^^^^^^^^^^^^^^
        )
E       ModuleNotFoundError: No module named 'aiosqlite'

/usr/local/lib/python3.11/site-packages/sqlalchemy/dialects/sqlite/aiosqlite.py:328: ModuleNotFoundError
_ ERROR at setup of TestTokens.test_rotation_leaves_an_overlap_window_then_closes_it _

    @pytest_asyncio.fixture
    async def session_factory():
>       engine = create_async_engine("sqlite+aiosqlite:///:memory:")
                 ^^^^^^^^^^^^^^^^^^^^^^^^^^^^^^^^^^^^^^^^^^^^^^^^^^^

tests/test_scim_provisioning.py:168: 
_ _ _ _ _ _ _ _ _ _ _ _ _ _ _ _ _ _ _ _ _ _ _ _ _ _ _ _ _ _ _ _ _ _ _ _ _ _ _ _ 
/usr/local/lib/python3.11/site-packages/sqlalchemy/ext/asyncio/engine.py:126: in create_async_engine
    sync_engine = _create_engine(url, **kw)
                  ^^^^^^^^^^^^^^^^^^^^^^^^^
<sqlalchemy generated warned() wrapper for sqlalchemy.engine.create.create_engine>:2: in create_engine
    return target(fn, url, **kwargs)
           ^^^^^^^^^^^^^^^^^^^^^^^^^
/usr/local/lib/python3.11/site-packages/sqlalchemy/util/deprecations.py:281: in warned
    return fn(*args, **kwargs)  # type: ignore[no-any-return]
           ^^^^^^^^^^^^^^^^^^^
/usr/local/lib/python3.11/site-packages/sqlalchemy/engine/create.py:602: in create_engine
    dbapi = dbapi_meth(**dbapi_args)
            ^^^^^^^^^^^^^^^^^^^^^^^^
_ _ _ _ _ _ _ _ _ _ _ _ _ _ _ _ _ _ _ _ _ _ _ _ _ _ _ _ _ _ _ _ _ _ _ _ _ _ _ _ 

cls = <class 'sqlalchemy.dialects.sqlite.aiosqlite.SQLiteDialect_aiosqlite'>

    @classmethod
    def import_dbapi(cls) -> AsyncAdapt_aiosqlite_dbapi:
        return AsyncAdapt_aiosqlite_dbapi(
>           __import__("aiosqlite"), __import__("sqlite3")
            ^^^^^^^^^^^^^^^^^^^^^^^
        )
E       ModuleNotFoundError: No module named 'aiosqlite'

/usr/local/lib/python3.11/site-packages/sqlalchemy/dialects/sqlite/aiosqlite.py:328: ModuleNotFoundError
_ ERROR at setup of TestTokens.test_zero_grace_revokes_the_old_secret_at_once __

    @pytest_asyncio.fixture
    async def session_factory():
>       engine = create_async_engine("sqlite+aiosqlite:///:memory:")
                 ^^^^^^^^^^^^^^^^^^^^^^^^^^^^^^^^^^^^^^^^^^^^^^^^^^^

tests/test_scim_provisioning.py:168: 
_ _ _ _ _ _ _ _ _ _ _ _ _ _ _ _ _ _ _ _ _ _ _ _ _ _ _ _ _ _ _ _ _ _ _ _ _ _ _ _ 
/usr/local/lib/python3.11/site-packages/sqlalchemy/ext/asyncio/engine.py:126: in create_async_engine
    sync_engine = _create_engine(url, **kw)
                  ^^^^^^^^^^^^^^^^^^^^^^^^^
<sqlalchemy generated warned() wrapper for sqlalchemy.engine.create.create_engine>:2: in create_engine
    return target(fn, url, **kwargs)
           ^^^^^^^^^^^^^^^^^^^^^^^^^
/usr/local/lib/python3.11/site-packages/sqlalchemy/util/deprecations.py:281: in warned
    return fn(*args, **kwargs)  # type: ignore[no-any-return]
           ^^^^^^^^^^^^^^^^^^^
/usr/local/lib/python3.11/site-packages/sqlalchemy/engine/create.py:602: in create_engine
    dbapi = dbapi_meth(**dbapi_args)
            ^^^^^^^^^^^^^^^^^^^^^^^^
_ _ _ _ _ _ _ _ _ _ _ _ _ _ _ _ _ _ _ _ _ _ _ _ _ _ _ _ _ _ _ _ _ _ _ _ _ _ _ _ 

cls = <class 'sqlalchemy.dialects.sqlite.aiosqlite.SQLiteDialect_aiosqlite'>

    @classmethod
    def import_dbapi(cls) -> AsyncAdapt_aiosqlite_dbapi:
        return AsyncAdapt_aiosqlite_dbapi(
>           __import__("aiosqlite"), __import__("sqlite3")
            ^^^^^^^^^^^^^^^^^^^^^^^
        )
E       ModuleNotFoundError: No module named 'aiosqlite'

/usr/local/lib/python3.11/site-packages/sqlalchemy/dialects/sqlite/aiosqlite.py:328: ModuleNotFoundError
_ ERROR at setup of TestTokens.test_rotation_never_extends_an_earlier_deadline _

    @pytest_asyncio.fixture
    async def session_factory():
>       engine = create_async_engine("sqlite+aiosqlite:///:memory:")
                 ^^^^^^^^^^^^^^^^^^^^^^^^^^^^^^^^^^^^^^^^^^^^^^^^^^^

tests/test_scim_provisioning.py:168: 
_ _ _ _ _ _ _ _ _ _ _ _ _ _ _ _ _ _ _ _ _ _ _ _ _ _ _ _ _ _ _ _ _ _ _ _ _ _ _ _ 
/usr/local/lib/python3.11/site-packages/sqlalchemy/ext/asyncio/engine.py:126: in create_async_engine
    sync_engine = _create_engine(url, **kw)
                  ^^^^^^^^^^^^^^^^^^^^^^^^^
<sqlalchemy generated warned() wrapper for sqlalchemy.engine.create.create_engine>:2: in create_engine
    return target(fn, url, **kwargs)
           ^^^^^^^^^^^^^^^^^^^^^^^^^
/usr/local/lib/python3.11/site-packages/sqlalchemy/util/deprecations.py:281: in warned
    return fn(*args, **kwargs)  # type: ignore[no-any-return]
           ^^^^^^^^^^^^^^^^^^^
/usr/local/lib/python3.11/site-packages/sqlalchemy/engine/create.py:602: in create_engine
    dbapi = dbapi_meth(**dbapi_args)
            ^^^^^^^^^^^^^^^^^^^^^^^^
_ _ _ _ _ _ _ _ _ _ _ _ _ _ _ _ _ _ _ _ _ _ _ _ _ _ _ _ _ _ _ _ _ _ _ _ _ _ _ _ 

cls = <class 'sqlalchemy.dialects.sqlite.aiosqlite.SQLiteDialect_aiosqlite'>

    @classmethod
    def import_dbapi(cls) -> AsyncAdapt_aiosqlite_dbapi:
        return AsyncAdapt_aiosqlite_dbapi(
>           __import__("aiosqlite"), __import__("sqlite3")
            ^^^^^^^^^^^^^^^^^^^^^^^
        )
E       ModuleNotFoundError: No module named 'aiosqlite'

/usr/local/lib/python3.11/site-packages/sqlalchemy/dialects/sqlite/aiosqlite.py:328: ModuleNotFoundError
_ ERROR at setup of TestTokens.test_last_used_is_recorded_so_an_abandoned_integration_is_visible _

    @pytest_asyncio.fixture
    async def session_factory():
>       engine = create_async_engine("sqlite+aiosqlite:///:memory:")
                 ^^^^^^^^^^^^^^^^^^^^^^^^^^^^^^^^^^^^^^^^^^^^^^^^^^^

tests/test_scim_provisioning.py:168: 
_ _ _ _ _ _ _ _ _ _ _ _ _ _ _ _ _ _ _ _ _ _ _ _ _ _ _ _ _ _ _ _ _ _ _ _ _ _ _ _ 
/usr/local/lib/python3.11/site-packages/sqlalchemy/ext/asyncio/engine.py:126: in create_async_engine
    sync_engine = _create_engine(url, **kw)
                  ^^^^^^^^^^^^^^^^^^^^^^^^^
<sqlalchemy generated warned() wrapper for sqlalchemy.engine.create.create_engine>:2: in create_engine
    return target(fn, url, **kwargs)
           ^^^^^^^^^^^^^^^^^^^^^^^^^
/usr/local/lib/python3.11/site-packages/sqlalchemy/util/deprecations.py:281: in warned
    return fn(*args, **kwargs)  # type: ignore[no-any-return]
           ^^^^^^^^^^^^^^^^^^^
/usr/local/lib/python3.11/site-packages/sqlalchemy/engine/create.py:602: in create_engine
    dbapi = dbapi_meth(**dbapi_args)
            ^^^^^^^^^^^^^^^^^^^^^^^^
_ _ _ _ _ _ _ _ _ _ _ _ _ _ _ _ _ _ _ _ _ _ _ _ _ _ _ _ _ _ _ _ _ _ _ _ _ _ _ _ 

cls = <class 'sqlalchemy.dialects.sqlite.aiosqlite.SQLiteDialect_aiosqlite'>

    @classmethod
    def import_dbapi(cls) -> AsyncAdapt_aiosqlite_dbapi:
        return AsyncAdapt_aiosqlite_dbapi(
>           __import__("aiosqlite"), __import__("sqlite3")
            ^^^^^^^^^^^^^^^^^^^^^^^
        )
E       ModuleNotFoundError: No module named 'aiosqlite'

/usr/local/lib/python3.11/site-packages/sqlalchemy/dialects/sqlite/aiosqlite.py:328: ModuleNotFoundError
____ ERROR at setup of TestTokens.test_a_token_addresses_exactly_one_tenant ____

    @pytest_asyncio.fixture
    async def session_factory():
>       engine = create_async_engine("sqlite+aiosqlite:///:memory:")
                 ^^^^^^^^^^^^^^^^^^^^^^^^^^^^^^^^^^^^^^^^^^^^^^^^^^^

tests/test_scim_provisioning.py:168: 
_ _ _ _ _ _ _ _ _ _ _ _ _ _ _ _ _ _ _ _ _ _ _ _ _ _ _ _ _ _ _ _ _ _ _ _ _ _ _ _ 
/usr/local/lib/python3.11/site-packages/sqlalchemy/ext/asyncio/engine.py:126: in create_async_engine
    sync_engine = _create_engine(url, **kw)
                  ^^^^^^^^^^^^^^^^^^^^^^^^^
<sqlalchemy generated warned() wrapper for sqlalchemy.engine.create.create_engine>:2: in create_engine
    return target(fn, url, **kwargs)
           ^^^^^^^^^^^^^^^^^^^^^^^^^
/usr/local/lib/python3.11/site-packages/sqlalchemy/util/deprecations.py:281: in warned
    return fn(*args, **kwargs)  # type: ignore[no-any-return]
           ^^^^^^^^^^^^^^^^^^^
/usr/local/lib/python3.11/site-packages/sqlalchemy/engine/create.py:602: in create_engine
    dbapi = dbapi_meth(**dbapi_args)
            ^^^^^^^^^^^^^^^^^^^^^^^^
_ _ _ _ _ _ _ _ _ _ _ _ _ _ _ _ _ _ _ _ _ _ _ _ _ _ _ _ _ _ _ _ _ _ _ _ _ _ _ _ 

cls = <class 'sqlalchemy.dialects.sqlite.aiosqlite.SQLiteDialect_aiosqlite'>

    @classmethod
    def import_dbapi(cls) -> AsyncAdapt_aiosqlite_dbapi:
        return AsyncAdapt_aiosqlite_dbapi(
>           __import__("aiosqlite"), __import__("sqlite3")
            ^^^^^^^^^^^^^^^^^^^^^^^
        )
E       ModuleNotFoundError: No module named 'aiosqlite'

/usr/local/lib/python3.11/site-packages/sqlalchemy/dialects/sqlite/aiosqlite.py:328: ModuleNotFoundError
_ ERROR at setup of TestDiscovery.test_service_provider_config_describes_what_is_implemented _

    @pytest_asyncio.fixture
    async def session_factory():
>       engine = create_async_engine("sqlite+aiosqlite:///:memory:")
                 ^^^^^^^^^^^^^^^^^^^^^^^^^^^^^^^^^^^^^^^^^^^^^^^^^^^

tests/test_scim_provisioning.py:168: 
_ _ _ _ _ _ _ _ _ _ _ _ _ _ _ _ _ _ _ _ _ _ _ _ _ _ _ _ _ _ _ _ _ _ _ _ _ _ _ _ 
/usr/local/lib/python3.11/site-packages/sqlalchemy/ext/asyncio/engine.py:126: in create_async_engine
    sync_engine = _create_engine(url, **kw)
                  ^^^^^^^^^^^^^^^^^^^^^^^^^
<sqlalchemy generated warned() wrapper for sqlalchemy.engine.create.create_engine>:2: in create_engine
    return target(fn, url, **kwargs)
           ^^^^^^^^^^^^^^^^^^^^^^^^^
/usr/local/lib/python3.11/site-packages/sqlalchemy/util/deprecations.py:281: in warned
    return fn(*args, **kwargs)  # type: ignore[no-any-return]
           ^^^^^^^^^^^^^^^^^^^
/usr/local/lib/python3.11/site-packages/sqlalchemy/engine/create.py:602: in create_engine
    dbapi = dbapi_meth(**dbapi_args)
            ^^^^^^^^^^^^^^^^^^^^^^^^
_ _ _ _ _ _ _ _ _ _ _ _ _ _ _ _ _ _ _ _ _ _ _ _ _ _ _ _ _ _ _ _ _ _ _ _ _ _ _ _ 

cls = <class 'sqlalchemy.dialects.sqlite.aiosqlite.SQLiteDialect_aiosqlite'>

    @classmethod
    def import_dbapi(cls) -> AsyncAdapt_aiosqlite_dbapi:
        return AsyncAdapt_aiosqlite_dbapi(
>           __import__("aiosqlite"), __import__("sqlite3")
            ^^^^^^^^^^^^^^^^^^^^^^^
        )
E       ModuleNotFoundError: No module named 'aiosqlite'

/usr/local/lib/python3.11/site-packages/sqlalchemy/dialects/sqlite/aiosqlite.py:328: ModuleNotFoundError
_ ERROR at setup of TestDiscovery.test_resource_types_and_schemas_are_fetchable_individually _

    @pytest_asyncio.fixture
    async def session_factory():
>       engine = create_async_engine("sqlite+aiosqlite:///:memory:")
                 ^^^^^^^^^^^^^^^^^^^^^^^^^^^^^^^^^^^^^^^^^^^^^^^^^^^

tests/test_scim_provisioning.py:168: 
_ _ _ _ _ _ _ _ _ _ _ _ _ _ _ _ _ _ _ _ _ _ _ _ _ _ _ _ _ _ _ _ _ _ _ _ _ _ _ _ 
/usr/local/lib/python3.11/site-packages/sqlalchemy/ext/asyncio/engine.py:126: in create_async_engine
    sync_engine = _create_engine(url, **kw)
                  ^^^^^^^^^^^^^^^^^^^^^^^^^
<sqlalchemy generated warned() wrapper for sqlalchemy.engine.create.create_engine>:2: in create_engine
    return target(fn, url, **kwargs)
           ^^^^^^^^^^^^^^^^^^^^^^^^^
/usr/local/lib/python3.11/site-packages/sqlalchemy/util/deprecations.py:281: in warned
    return fn(*args, **kwargs)  # type: ignore[no-any-return]
           ^^^^^^^^^^^^^^^^^^^
/usr/local/lib/python3.11/site-packages/sqlalchemy/engine/create.py:602: in create_engine
    dbapi = dbapi_meth(**dbapi_args)
            ^^^^^^^^^^^^^^^^^^^^^^^^
_ _ _ _ _ _ _ _ _ _ _ _ _ _ _ _ _ _ _ _ _ _ _ _ _ _ _ _ _ _ _ _ _ _ _ _ _ _ _ _ 

cls = <class 'sqlalchemy.dialects.sqlite.aiosqlite.SQLiteDialect_aiosqlite'>

    @classmethod
    def import_dbapi(cls) -> AsyncAdapt_aiosqlite_dbapi:
        return AsyncAdapt_aiosqlite_dbapi(
>           __import__("aiosqlite"), __import__("sqlite3")
            ^^^^^^^^^^^^^^^^^^^^^^^
        )
E       ModuleNotFoundError: No module named 'aiosqlite'

/usr/local/lib/python3.11/site-packages/sqlalchemy/dialects/sqlite/aiosqlite.py:328: ModuleNotFoundError
_____ ERROR at setup of TestDiscovery.test_discovery_requires_a_credential _____

    @pytest_asyncio.fixture
    async def session_factory():
>       engine = create_async_engine("sqlite+aiosqlite:///:memory:")
                 ^^^^^^^^^^^^^^^^^^^^^^^^^^^^^^^^^^^^^^^^^^^^^^^^^^^

tests/test_scim_provisioning.py:168: 
_ _ _ _ _ _ _ _ _ _ _ _ _ _ _ _ _ _ _ _ _ _ _ _ _ _ _ _ _ _ _ _ _ _ _ _ _ _ _ _ 
/usr/local/lib/python3.11/site-packages/sqlalchemy/ext/asyncio/engine.py:126: in create_async_engine
    sync_engine = _create_engine(url, **kw)
                  ^^^^^^^^^^^^^^^^^^^^^^^^^
<sqlalchemy generated warned() wrapper for sqlalchemy.engine.create.create_engine>:2: in create_engine
    return target(fn, url, **kwargs)
           ^^^^^^^^^^^^^^^^^^^^^^^^^
/usr/local/lib/python3.11/site-packages/sqlalchemy/util/deprecations.py:281: in warned
    return fn(*args, **kwargs)  # type: ignore[no-any-return]
           ^^^^^^^^^^^^^^^^^^^
/usr/local/lib/python3.11/site-packages/sqlalchemy/engine/create.py:602: in create_engine
    dbapi = dbapi_meth(**dbapi_args)
            ^^^^^^^^^^^^^^^^^^^^^^^^
_ _ _ _ _ _ _ _ _ _ _ _ _ _ _ _ _ _ _ _ _ _ _ _ _ _ _ _ _ _ _ _ _ _ _ _ _ _ _ _ 

cls = <class 'sqlalchemy.dialects.sqlite.aiosqlite.SQLiteDialect_aiosqlite'>

    @classmethod
    def import_dbapi(cls) -> AsyncAdapt_aiosqlite_dbapi:
        return AsyncAdapt_aiosqlite_dbapi(
>           __import__("aiosqlite"), __import__("sqlite3")
            ^^^^^^^^^^^^^^^^^^^^^^^
        )
E       ModuleNotFoundError: No module named 'aiosqlite'

/usr/local/lib/python3.11/site-packages/sqlalchemy/dialects/sqlite/aiosqlite.py:328: ModuleNotFoundError
__ ERROR at setup of TestDiscovery.test_responses_carry_the_scim_content_type __

    @pytest_asyncio.fixture
    async def session_factory():
>       engine = create_async_engine("sqlite+aiosqlite:///:memory:")
                 ^^^^^^^^^^^^^^^^^^^^^^^^^^^^^^^^^^^^^^^^^^^^^^^^^^^

tests/test_scim_provisioning.py:168: 
_ _ _ _ _ _ _ _ _ _ _ _ _ _ _ _ _ _ _ _ _ _ _ _ _ _ _ _ _ _ _ _ _ _ _ _ _ _ _ _ 
/usr/local/lib/python3.11/site-packages/sqlalchemy/ext/asyncio/engine.py:126: in create_async_engine
    sync_engine = _create_engine(url, **kw)
                  ^^^^^^^^^^^^^^^^^^^^^^^^^
<sqlalchemy generated warned() wrapper for sqlalchemy.engine.create.create_engine>:2: in create_engine
    return target(fn, url, **kwargs)
           ^^^^^^^^^^^^^^^^^^^^^^^^^
/usr/local/lib/python3.11/site-packages/sqlalchemy/util/deprecations.py:281: in warned
    return fn(*args, **kwargs)  # type: ignore[no-any-return]
           ^^^^^^^^^^^^^^^^^^^
/usr/local/lib/python3.11/site-packages/sqlalchemy/engine/create.py:602: in create_engine
    dbapi = dbapi_meth(**dbapi_args)
            ^^^^^^^^^^^^^^^^^^^^^^^^
_ _ _ _ _ _ _ _ _ _ _ _ _ _ _ _ _ _ _ _ _ _ _ _ _ _ _ _ _ _ _ _ _ _ _ _ _ _ _ _ 

cls = <class 'sqlalchemy.dialects.sqlite.aiosqlite.SQLiteDialect_aiosqlite'>

    @classmethod
    def import_dbapi(cls) -> AsyncAdapt_aiosqlite_dbapi:
        return AsyncAdapt_aiosqlite_dbapi(
>           __import__("aiosqlite"), __import__("sqlite3")
            ^^^^^^^^^^^^^^^^^^^^^^^
        )
E       ModuleNotFoundError: No module named 'aiosqlite'

/usr/local/lib/python3.11/site-packages/sqlalchemy/dialects/sqlite/aiosqlite.py:328: ModuleNotFoundError
_ ERROR at setup of TestFiltering.test_equality_filter_finds_the_user_a_provider_is_about_to_create _

    @pytest_asyncio.fixture
    async def session_factory():
>       engine = create_async_engine("sqlite+aiosqlite:///:memory:")
                 ^^^^^^^^^^^^^^^^^^^^^^^^^^^^^^^^^^^^^^^^^^^^^^^^^^^

tests/test_scim_provisioning.py:168: 
_ _ _ _ _ _ _ _ _ _ _ _ _ _ _ _ _ _ _ _ _ _ _ _ _ _ _ _ _ _ _ _ _ _ _ _ _ _ _ _ 
/usr/local/lib/python3.11/site-packages/sqlalchemy/ext/asyncio/engine.py:126: in create_async_engine
    sync_engine = _create_engine(url, **kw)
                  ^^^^^^^^^^^^^^^^^^^^^^^^^
<sqlalchemy generated warned() wrapper for sqlalchemy.engine.create.create_engine>:2: in create_engine
    return target(fn, url, **kwargs)
           ^^^^^^^^^^^^^^^^^^^^^^^^^
/usr/local/lib/python3.11/site-packages/sqlalchemy/util/deprecations.py:281: in warned
    return fn(*args, **kwargs)  # type: ignore[no-any-return]
           ^^^^^^^^^^^^^^^^^^^
/usr/local/lib/python3.11/site-packages/sqlalchemy/engine/create.py:602: in create_engine
    dbapi = dbapi_meth(**dbapi_args)
            ^^^^^^^^^^^^^^^^^^^^^^^^
_ _ _ _ _ _ _ _ _ _ _ _ _ _ _ _ _ _ _ _ _ _ _ _ _ _ _ _ _ _ _ _ _ _ _ _ _ _ _ _ 

cls = <class 'sqlalchemy.dialects.sqlite.aiosqlite.SQLiteDialect_aiosqlite'>

    @classmethod
    def import_dbapi(cls) -> AsyncAdapt_aiosqlite_dbapi:
        return AsyncAdapt_aiosqlite_dbapi(
>           __import__("aiosqlite"), __import__("sqlite3")
            ^^^^^^^^^^^^^^^^^^^^^^^
        )
E       ModuleNotFoundError: No module named 'aiosqlite'

/usr/local/lib/python3.11/site-packages/sqlalchemy/dialects/sqlite/aiosqlite.py:328: ModuleNotFoundError
_ ERROR at setup of TestFiltering.test_a_filter_that_matches_nothing_returns_an_empty_list_not_everything _

    @pytest_asyncio.fixture
    async def session_factory():
>       engine = create_async_engine("sqlite+aiosqlite:///:memory:")
                 ^^^^^^^^^^^^^^^^^^^^^^^^^^^^^^^^^^^^^^^^^^^^^^^^^^^

tests/test_scim_provisioning.py:168: 
_ _ _ _ _ _ _ _ _ _ _ _ _ _ _ _ _ _ _ _ _ _ _ _ _ _ _ _ _ _ _ _ _ _ _ _ _ _ _ _ 
/usr/local/lib/python3.11/site-packages/sqlalchemy/ext/asyncio/engine.py:126: in create_async_engine
    sync_engine = _create_engine(url, **kw)
                  ^^^^^^^^^^^^^^^^^^^^^^^^^
<sqlalchemy generated warned() wrapper for sqlalchemy.engine.create.create_engine>:2: in create_engine
    return target(fn, url, **kwargs)
           ^^^^^^^^^^^^^^^^^^^^^^^^^
/usr/local/lib/python3.11/site-packages/sqlalchemy/util/deprecations.py:281: in warned
    return fn(*args, **kwargs)  # type: ignore[no-any-return]
           ^^^^^^^^^^^^^^^^^^^
/usr/local/lib/python3.11/site-packages/sqlalchemy/engine/create.py:602: in create_engine
    dbapi = dbapi_meth(**dbapi_args)
            ^^^^^^^^^^^^^^^^^^^^^^^^
_ _ _ _ _ _ _ _ _ _ _ _ _ _ _ _ _ _ _ _ _ _ _ _ _ _ _ _ _ _ _ _ _ _ _ _ _ _ _ _ 

cls = <class 'sqlalchemy.dialects.sqlite.aiosqlite.SQLiteDialect_aiosqlite'>

    @classmethod
    def import_dbapi(cls) -> AsyncAdapt_aiosqlite_dbapi:
        return AsyncAdapt_aiosqlite_dbapi(
>           __import__("aiosqlite"), __import__("sqlite3")
            ^^^^^^^^^^^^^^^^^^^^^^^
        )
E       ModuleNotFoundError: No module named 'aiosqlite'

/usr/local/lib/python3.11/site-packages/sqlalchemy/dialects/sqlite/aiosqlite.py:328: ModuleNotFoundError
_ ERROR at setup of TestFiltering.test_an_unsupported_filter_is_refused_rather_than_dropped _

    @pytest_asyncio.fixture
    async def session_factory():
>       engine = create_async_engine("sqlite+aiosqlite:///:memory:")
                 ^^^^^^^^^^^^^^^^^^^^^^^^^^^^^^^^^^^^^^^^^^^^^^^^^^^

tests/test_scim_provisioning.py:168: 
_ _ _ _ _ _ _ _ _ _ _ _ _ _ _ _ _ _ _ _ _ _ _ _ _ _ _ _ _ _ _ _ _ _ _ _ _ _ _ _ 
/usr/local/lib/python3.11/site-packages/sqlalchemy/ext/asyncio/engine.py:126: in create_async_engine
    sync_engine = _create_engine(url, **kw)
                  ^^^^^^^^^^^^^^^^^^^^^^^^^
<sqlalchemy generated warned() wrapper for sqlalchemy.engine.create.create_engine>:2: in create_engine
    return target(fn, url, **kwargs)
           ^^^^^^^^^^^^^^^^^^^^^^^^^
/usr/local/lib/python3.11/site-packages/sqlalchemy/util/deprecations.py:281: in warned
    return fn(*args, **kwargs)  # type: ignore[no-any-return]
           ^^^^^^^^^^^^^^^^^^^
/usr/local/lib/python3.11/site-packages/sqlalchemy/engine/create.py:602: in create_engine
    dbapi = dbapi_meth(**dbapi_args)
            ^^^^^^^^^^^^^^^^^^^^^^^^
_ _ _ _ _ _ _ _ _ _ _ _ _ _ _ _ _ _ _ _ _ _ _ _ _ _ _ _ _ _ _ _ _ _ _ _ _ _ _ _ 

cls = <class 'sqlalchemy.dialects.sqlite.aiosqlite.SQLiteDialect_aiosqlite'>

    @classmethod
    def import_dbapi(cls) -> AsyncAdapt_aiosqlite_dbapi:
        return AsyncAdapt_aiosqlite_dbapi(
>           __import__("aiosqlite"), __import__("sqlite3")
            ^^^^^^^^^^^^^^^^^^^^^^^
        )
E       ModuleNotFoundError: No module named 'aiosqlite'

/usr/local/lib/python3.11/site-packages/sqlalchemy/dialects/sqlite/aiosqlite.py:328: ModuleNotFoundError
_____ ERROR at setup of TestFiltering.test_username_matching_ignores_case ______

    @pytest_asyncio.fixture
    async def session_factory():
>       engine = create_async_engine("sqlite+aiosqlite:///:memory:")
                 ^^^^^^^^^^^^^^^^^^^^^^^^^^^^^^^^^^^^^^^^^^^^^^^^^^^

tests/test_scim_provisioning.py:168: 
_ _ _ _ _ _ _ _ _ _ _ _ _ _ _ _ _ _ _ _ _ _ _ _ _ _ _ _ _ _ _ _ _ _ _ _ _ _ _ _ 
/usr/local/lib/python3.11/site-packages/sqlalchemy/ext/asyncio/engine.py:126: in create_async_engine
    sync_engine = _create_engine(url, **kw)
                  ^^^^^^^^^^^^^^^^^^^^^^^^^
<sqlalchemy generated warned() wrapper for sqlalchemy.engine.create.create_engine>:2: in create_engine
    return target(fn, url, **kwargs)
           ^^^^^^^^^^^^^^^^^^^^^^^^^
/usr/local/lib/python3.11/site-packages/sqlalchemy/util/deprecations.py:281: in warned
    return fn(*args, **kwargs)  # type: ignore[no-any-return]
           ^^^^^^^^^^^^^^^^^^^
/usr/local/lib/python3.11/site-packages/sqlalchemy/engine/create.py:602: in create_engine
    dbapi = dbapi_meth(**dbapi_args)
            ^^^^^^^^^^^^^^^^^^^^^^^^
_ _ _ _ _ _ _ _ _ _ _ _ _ _ _ _ _ _ _ _ _ _ _ _ _ _ _ _ _ _ _ _ _ _ _ _ _ _ _ _ 

cls = <class 'sqlalchemy.dialects.sqlite.aiosqlite.SQLiteDialect_aiosqlite'>

    @classmethod
    def import_dbapi(cls) -> AsyncAdapt_aiosqlite_dbapi:
        return AsyncAdapt_aiosqlite_dbapi(
>           __import__("aiosqlite"), __import__("sqlite3")
            ^^^^^^^^^^^^^^^^^^^^^^^
        )
E       ModuleNotFoundError: No module named 'aiosqlite'

/usr/local/lib/python3.11/site-packages/sqlalchemy/dialects/sqlite/aiosqlite.py:328: ModuleNotFoundError
_ ERROR at setup of TestFiltering.test_external_id_filter_finds_a_renamed_principal _

    @pytest_asyncio.fixture
    async def session_factory():
>       engine = create_async_engine("sqlite+aiosqlite:///:memory:")
                 ^^^^^^^^^^^^^^^^^^^^^^^^^^^^^^^^^^^^^^^^^^^^^^^^^^^

tests/test_scim_provisioning.py:168: 
_ _ _ _ _ _ _ _ _ _ _ _ _ _ _ _ _ _ _ _ _ _ _ _ _ _ _ _ _ _ _ _ _ _ _ _ _ _ _ _ 
/usr/local/lib/python3.11/site-packages/sqlalchemy/ext/asyncio/engine.py:126: in create_async_engine
    sync_engine = _create_engine(url, **kw)
                  ^^^^^^^^^^^^^^^^^^^^^^^^^
<sqlalchemy generated warned() wrapper for sqlalchemy.engine.create.create_engine>:2: in create_engine
    return target(fn, url, **kwargs)
           ^^^^^^^^^^^^^^^^^^^^^^^^^
/usr/local/lib/python3.11/site-packages/sqlalchemy/util/deprecations.py:281: in warned
    return fn(*args, **kwargs)  # type: ignore[no-any-return]
           ^^^^^^^^^^^^^^^^^^^
/usr/local/lib/python3.11/site-packages/sqlalchemy/engine/create.py:602: in create_engine
    dbapi = dbapi_meth(**dbapi_args)
            ^^^^^^^^^^^^^^^^^^^^^^^^
_ _ _ _ _ _ _ _ _ _ _ _ _ _ _ _ _ _ _ _ _ _ _ _ _ _ _ _ _ _ _ _ _ _ _ _ _ _ _ _ 

cls = <class 'sqlalchemy.dialects.sqlite.aiosqlite.SQLiteDialect_aiosqlite'>

    @classmethod
    def import_dbapi(cls) -> AsyncAdapt_aiosqlite_dbapi:
        return AsyncAdapt_aiosqlite_dbapi(
>           __import__("aiosqlite"), __import__("sqlite3")
            ^^^^^^^^^^^^^^^^^^^^^^^
        )
E       ModuleNotFoundError: No module named 'aiosqlite'

/usr/local/lib/python3.11/site-packages/sqlalchemy/dialects/sqlite/aiosqlite.py:328: ModuleNotFoundError
_ ERROR at setup of TestFiltering.test_total_results_counts_the_match_not_the_page _

    @pytest_asyncio.fixture
    async def session_factory():
>       engine = create_async_engine("sqlite+aiosqlite:///:memory:")
                 ^^^^^^^^^^^^^^^^^^^^^^^^^^^^^^^^^^^^^^^^^^^^^^^^^^^

tests/test_scim_provisioning.py:168: 
_ _ _ _ _ _ _ _ _ _ _ _ _ _ _ _ _ _ _ _ _ _ _ _ _ _ _ _ _ _ _ _ _ _ _ _ _ _ _ _ 
/usr/local/lib/python3.11/site-packages/sqlalchemy/ext/asyncio/engine.py:126: in create_async_engine
    sync_engine = _create_engine(url, **kw)
                  ^^^^^^^^^^^^^^^^^^^^^^^^^
<sqlalchemy generated warned() wrapper for sqlalchemy.engine.create.create_engine>:2: in create_engine
    return target(fn, url, **kwargs)
           ^^^^^^^^^^^^^^^^^^^^^^^^^
/usr/local/lib/python3.11/site-packages/sqlalchemy/util/deprecations.py:281: in warned
    return fn(*args, **kwargs)  # type: ignore[no-any-return]
           ^^^^^^^^^^^^^^^^^^^
/usr/local/lib/python3.11/site-packages/sqlalchemy/engine/create.py:602: in create_engine
    dbapi = dbapi_meth(**dbapi_args)
            ^^^^^^^^^^^^^^^^^^^^^^^^
_ _ _ _ _ _ _ _ _ _ _ _ _ _ _ _ _ _ _ _ _ _ _ _ _ _ _ _ _ _ _ _ _ _ _ _ _ _ _ _ 

cls = <class 'sqlalchemy.dialects.sqlite.aiosqlite.SQLiteDialect_aiosqlite'>

    @classmethod
    def import_dbapi(cls) -> AsyncAdapt_aiosqlite_dbapi:
        return AsyncAdapt_aiosqlite_dbapi(
>           __import__("aiosqlite"), __import__("sqlite3")
            ^^^^^^^^^^^^^^^^^^^^^^^
        )
E       ModuleNotFoundError: No module named 'aiosqlite'

/usr/local/lib/python3.11/site-packages/sqlalchemy/dialects/sqlite/aiosqlite.py:328: ModuleNotFoundError
_ ERROR at setup of TestDeprovisioning.test_deactivation_revokes_sessions_and_api_keys _

    @pytest_asyncio.fixture
    async def session_factory():
>       engine = create_async_engine("sqlite+aiosqlite:///:memory:")
                 ^^^^^^^^^^^^^^^^^^^^^^^^^^^^^^^^^^^^^^^^^^^^^^^^^^^

tests/test_scim_provisioning.py:168: 
_ _ _ _ _ _ _ _ _ _ _ _ _ _ _ _ _ _ _ _ _ _ _ _ _ _ _ _ _ _ _ _ _ _ _ _ _ _ _ _ 
/usr/local/lib/python3.11/site-packages/sqlalchemy/ext/asyncio/engine.py:126: in create_async_engine
    sync_engine = _create_engine(url, **kw)
                  ^^^^^^^^^^^^^^^^^^^^^^^^^
<sqlalchemy generated warned() wrapper for sqlalchemy.engine.create.create_engine>:2: in create_engine
    return target(fn, url, **kwargs)
           ^^^^^^^^^^^^^^^^^^^^^^^^^
/usr/local/lib/python3.11/site-packages/sqlalchemy/util/deprecations.py:281: in warned
    return fn(*args, **kwargs)  # type: ignore[no-any-return]
           ^^^^^^^^^^^^^^^^^^^
/usr/local/lib/python3.11/site-packages/sqlalchemy/engine/create.py:602: in create_engine
    dbapi = dbapi_meth(**dbapi_args)
            ^^^^^^^^^^^^^^^^^^^^^^^^
_ _ _ _ _ _ _ _ _ _ _ _ _ _ _ _ _ _ _ _ _ _ _ _ _ _ _ _ _ _ _ _ _ _ _ _ _ _ _ _ 

cls = <class 'sqlalchemy.dialects.sqlite.aiosqlite.SQLiteDialect_aiosqlite'>

    @classmethod
    def import_dbapi(cls) -> AsyncAdapt_aiosqlite_dbapi:
        return AsyncAdapt_aiosqlite_dbapi(
>           __import__("aiosqlite"), __import__("sqlite3")
            ^^^^^^^^^^^^^^^^^^^^^^^
        )
E       ModuleNotFoundError: No module named 'aiosqlite'

/usr/local/lib/python3.11/site-packages/sqlalchemy/dialects/sqlite/aiosqlite.py:328: ModuleNotFoundError
_ ERROR at setup of TestDeprovisioning.test_reactivation_does_not_restore_revoked_api_keys _

    @pytest_asyncio.fixture
    async def session_factory():
>       engine = create_async_engine("sqlite+aiosqlite:///:memory:")
                 ^^^^^^^^^^^^^^^^^^^^^^^^^^^^^^^^^^^^^^^^^^^^^^^^^^^

tests/test_scim_provisioning.py:168: 
_ _ _ _ _ _ _ _ _ _ _ _ _ _ _ _ _ _ _ _ _ _ _ _ _ _ _ _ _ _ _ _ _ _ _ _ _ _ _ _ 
/usr/local/lib/python3.11/site-packages/sqlalchemy/ext/asyncio/engine.py:126: in create_async_engine
    sync_engine = _create_engine(url, **kw)
                  ^^^^^^^^^^^^^^^^^^^^^^^^^
<sqlalchemy generated warned() wrapper for sqlalchemy.engine.create.create_engine>:2: in create_engine
    return target(fn, url, **kwargs)
           ^^^^^^^^^^^^^^^^^^^^^^^^^
/usr/local/lib/python3.11/site-packages/sqlalchemy/util/deprecations.py:281: in warned
    return fn(*args, **kwargs)  # type: ignore[no-any-return]
           ^^^^^^^^^^^^^^^^^^^
/usr/local/lib/python3.11/site-packages/sqlalchemy/engine/create.py:602: in create_engine
    dbapi = dbapi_meth(**dbapi_args)
            ^^^^^^^^^^^^^^^^^^^^^^^^
_ _ _ _ _ _ _ _ _ _ _ _ _ _ _ _ _ _ _ _ _ _ _ _ _ _ _ _ _ _ _ _ _ _ _ _ _ _ _ _ 

cls = <class 'sqlalchemy.dialects.sqlite.aiosqlite.SQLiteDialect_aiosqlite'>

    @classmethod
    def import_dbapi(cls) -> AsyncAdapt_aiosqlite_dbapi:
        return AsyncAdapt_aiosqlite_dbapi(
>           __import__("aiosqlite"), __import__("sqlite3")
            ^^^^^^^^^^^^^^^^^^^^^^^
        )
E       ModuleNotFoundError: No module named 'aiosqlite'

/usr/local/lib/python3.11/site-packages/sqlalchemy/dialects/sqlite/aiosqlite.py:328: ModuleNotFoundError
_ ERROR at setup of TestDeprovisioning.test_delete_deprovisions_rather_than_erasing _

    @pytest_asyncio.fixture
    async def session_factory():
>       engine = create_async_engine("sqlite+aiosqlite:///:memory:")
                 ^^^^^^^^^^^^^^^^^^^^^^^^^^^^^^^^^^^^^^^^^^^^^^^^^^^

tests/test_scim_provisioning.py:168: 
_ _ _ _ _ _ _ _ _ _ _ _ _ _ _ _ _ _ _ _ _ _ _ _ _ _ _ _ _ _ _ _ _ _ _ _ _ _ _ _ 
/usr/local/lib/python3.11/site-packages/sqlalchemy/ext/asyncio/engine.py:126: in create_async_engine
    sync_engine = _create_engine(url, **kw)
                  ^^^^^^^^^^^^^^^^^^^^^^^^^
<sqlalchemy generated warned() wrapper for sqlalchemy.engine.create.create_engine>:2: in create_engine
    return target(fn, url, **kwargs)
           ^^^^^^^^^^^^^^^^^^^^^^^^^
/usr/local/lib/python3.11/site-packages/sqlalchemy/util/deprecations.py:281: in warned
    return fn(*args, **kwargs)  # type: ignore[no-any-return]
           ^^^^^^^^^^^^^^^^^^^
/usr/local/lib/python3.11/site-packages/sqlalchemy/engine/create.py:602: in create_engine
    dbapi = dbapi_meth(**dbapi_args)
            ^^^^^^^^^^^^^^^^^^^^^^^^
_ _ _ _ _ _ _ _ _ _ _ _ _ _ _ _ _ _ _ _ _ _ _ _ _ _ _ _ _ _ _ _ _ _ _ _ _ _ _ _ 

cls = <class 'sqlalchemy.dialects.sqlite.aiosqlite.SQLiteDialect_aiosqlite'>

    @classmethod
    def import_dbapi(cls) -> AsyncAdapt_aiosqlite_dbapi:
        return AsyncAdapt_aiosqlite_dbapi(
>           __import__("aiosqlite"), __import__("sqlite3")
            ^^^^^^^^^^^^^^^^^^^^^^^
        )
E       ModuleNotFoundError: No module named 'aiosqlite'

/usr/local/lib/python3.11/site-packages/sqlalchemy/dialects/sqlite/aiosqlite.py:328: ModuleNotFoundError
_ ERROR at setup of TestDeprovisioning.test_deprovisioning_through_scim_revokes_the_principals_api_keys _

    @pytest_asyncio.fixture
    async def session_factory():
>       engine = create_async_engine("sqlite+aiosqlite:///:memory:")
                 ^^^^^^^^^^^^^^^^^^^^^^^^^^^^^^^^^^^^^^^^^^^^^^^^^^^

tests/test_scim_provisioning.py:168: 
_ _ _ _ _ _ _ _ _ _ _ _ _ _ _ _ _ _ _ _ _ _ _ _ _ _ _ _ _ _ _ _ _ _ _ _ _ _ _ _ 
/usr/local/lib/python3.11/site-packages/sqlalchemy/ext/asyncio/engine.py:126: in create_async_engine
    sync_engine = _create_engine(url, **kw)
                  ^^^^^^^^^^^^^^^^^^^^^^^^^
<sqlalchemy generated warned() wrapper for sqlalchemy.engine.create.create_engine>:2: in create_engine
    return target(fn, url, **kwargs)
           ^^^^^^^^^^^^^^^^^^^^^^^^^
/usr/local/lib/python3.11/site-packages/sqlalchemy/util/deprecations.py:281: in warned
    return fn(*args, **kwargs)  # type: ignore[no-any-return]
           ^^^^^^^^^^^^^^^^^^^
/usr/local/lib/python3.11/site-packages/sqlalchemy/engine/create.py:602: in create_engine
    dbapi = dbapi_meth(**dbapi_args)
            ^^^^^^^^^^^^^^^^^^^^^^^^
_ _ _ _ _ _ _ _ _ _ _ _ _ _ _ _ _ _ _ _ _ _ _ _ _ _ _ _ _ _ _ _ _ _ _ _ _ _ _ _ 

cls = <class 'sqlalchemy.dialects.sqlite.aiosqlite.SQLiteDialect_aiosqlite'>

    @classmethod
    def import_dbapi(cls) -> AsyncAdapt_aiosqlite_dbapi:
        return AsyncAdapt_aiosqlite_dbapi(
>           __import__("aiosqlite"), __import__("sqlite3")
            ^^^^^^^^^^^^^^^^^^^^^^^
        )
E       ModuleNotFoundError: No module named 'aiosqlite'

/usr/local/lib/python3.11/site-packages/sqlalchemy/dialects/sqlite/aiosqlite.py:328: ModuleNotFoundError
_ ERROR at setup of TestRoleMapping.test_membership_grants_the_role_and_removal_takes_it_back _

    @pytest_asyncio.fixture
    async def session_factory():
>       engine = create_async_engine("sqlite+aiosqlite:///:memory:")
                 ^^^^^^^^^^^^^^^^^^^^^^^^^^^^^^^^^^^^^^^^^^^^^^^^^^^

tests/test_scim_provisioning.py:168: 
_ _ _ _ _ _ _ _ _ _ _ _ _ _ _ _ _ _ _ _ _ _ _ _ _ _ _ _ _ _ _ _ _ _ _ _ _ _ _ _ 
/usr/local/lib/python3.11/site-packages/sqlalchemy/ext/asyncio/engine.py:126: in create_async_engine
    sync_engine = _create_engine(url, **kw)
                  ^^^^^^^^^^^^^^^^^^^^^^^^^
<sqlalchemy generated warned() wrapper for sqlalchemy.engine.create.create_engine>:2: in create_engine
    return target(fn, url, **kwargs)
           ^^^^^^^^^^^^^^^^^^^^^^^^^
/usr/local/lib/python3.11/site-packages/sqlalchemy/util/deprecations.py:281: in warned
    return fn(*args, **kwargs)  # type: ignore[no-any-return]
           ^^^^^^^^^^^^^^^^^^^
/usr/local/lib/python3.11/site-packages/sqlalchemy/engine/create.py:602: in create_engine
    dbapi = dbapi_meth(**dbapi_args)
            ^^^^^^^^^^^^^^^^^^^^^^^^
_ _ _ _ _ _ _ _ _ _ _ _ _ _ _ _ _ _ _ _ _ _ _ _ _ _ _ _ _ _ _ _ _ _ _ _ _ _ _ _ 

cls = <class 'sqlalchemy.dialects.sqlite.aiosqlite.SQLiteDialect_aiosqlite'>

    @classmethod
    def import_dbapi(cls) -> AsyncAdapt_aiosqlite_dbapi:
        return AsyncAdapt_aiosqlite_dbapi(
>           __import__("aiosqlite"), __import__("sqlite3")
            ^^^^^^^^^^^^^^^^^^^^^^^
        )
E       ModuleNotFoundError: No module named 'aiosqlite'

/usr/local/lib/python3.11/site-packages/sqlalchemy/dialects/sqlite/aiosqlite.py:328: ModuleNotFoundError
___ ERROR at setup of TestRoleMapping.test_an_unmapped_group_confers_nothing ___

    @pytest_asyncio.fixture
    async def session_factory():
>       engine = create_async_engine("sqlite+aiosqlite:///:memory:")
                 ^^^^^^^^^^^^^^^^^^^^^^^^^^^^^^^^^^^^^^^^^^^^^^^^^^^

tests/test_scim_provisioning.py:168: 
_ _ _ _ _ _ _ _ _ _ _ _ _ _ _ _ _ _ _ _ _ _ _ _ _ _ _ _ _ _ _ _ _ _ _ _ _ _ _ _ 
/usr/local/lib/python3.11/site-packages/sqlalchemy/ext/asyncio/engine.py:126: in create_async_engine
    sync_engine = _create_engine(url, **kw)
                  ^^^^^^^^^^^^^^^^^^^^^^^^^
<sqlalchemy generated warned() wrapper for sqlalchemy.engine.create.create_engine>:2: in create_engine
    return target(fn, url, **kwargs)
           ^^^^^^^^^^^^^^^^^^^^^^^^^
/usr/local/lib/python3.11/site-packages/sqlalchemy/util/deprecations.py:281: in warned
    return fn(*args, **kwargs)  # type: ignore[no-any-return]
           ^^^^^^^^^^^^^^^^^^^
/usr/local/lib/python3.11/site-packages/sqlalchemy/engine/create.py:602: in create_engine
    dbapi = dbapi_meth(**dbapi_args)
            ^^^^^^^^^^^^^^^^^^^^^^^^
_ _ _ _ _ _ _ _ _ _ _ _ _ _ _ _ _ _ _ _ _ _ _ _ _ _ _ _ _ _ _ _ _ _ _ _ _ _ _ _ 

cls = <class 'sqlalchemy.dialects.sqlite.aiosqlite.SQLiteDialect_aiosqlite'>

    @classmethod
    def import_dbapi(cls) -> AsyncAdapt_aiosqlite_dbapi:
        return AsyncAdapt_aiosqlite_dbapi(
>           __import__("aiosqlite"), __import__("sqlite3")
            ^^^^^^^^^^^^^^^^^^^^^^^
        )
E       ModuleNotFoundError: No module named 'aiosqlite'

/usr/local/lib/python3.11/site-packages/sqlalchemy/dialects/sqlite/aiosqlite.py:328: ModuleNotFoundError
_ ERROR at setup of TestRoleMapping.test_deleting_the_group_takes_the_role_with_it _

    @pytest_asyncio.fixture
    async def session_factory():
>       engine = create_async_engine("sqlite+aiosqlite:///:memory:")
                 ^^^^^^^^^^^^^^^^^^^^^^^^^^^^^^^^^^^^^^^^^^^^^^^^^^^

tests/test_scim_provisioning.py:168: 
_ _ _ _ _ _ _ _ _ _ _ _ _ _ _ _ _ _ _ _ _ _ _ _ _ _ _ _ _ _ _ _ _ _ _ _ _ _ _ _ 
/usr/local/lib/python3.11/site-packages/sqlalchemy/ext/asyncio/engine.py:126: in create_async_engine
    sync_engine = _create_engine(url, **kw)
                  ^^^^^^^^^^^^^^^^^^^^^^^^^
<sqlalchemy generated warned() wrapper for sqlalchemy.engine.create.create_engine>:2: in create_engine
    return target(fn, url, **kwargs)
           ^^^^^^^^^^^^^^^^^^^^^^^^^
/usr/local/lib/python3.11/site-packages/sqlalchemy/util/deprecations.py:281: in warned
    return fn(*args, **kwargs)  # type: ignore[no-any-return]
           ^^^^^^^^^^^^^^^^^^^
/usr/local/lib/python3.11/site-packages/sqlalchemy/engine/create.py:602: in create_engine
    dbapi = dbapi_meth(**dbapi_args)
            ^^^^^^^^^^^^^^^^^^^^^^^^
_ _ _ _ _ _ _ _ _ _ _ _ _ _ _ _ _ _ _ _ _ _ _ _ _ _ _ _ _ _ _ _ _ _ _ _ _ _ _ _ 

cls = <class 'sqlalchemy.dialects.sqlite.aiosqlite.SQLiteDialect_aiosqlite'>

    @classmethod
    def import_dbapi(cls) -> AsyncAdapt_aiosqlite_dbapi:
        return AsyncAdapt_aiosqlite_dbapi(
>           __import__("aiosqlite"), __import__("sqlite3")
            ^^^^^^^^^^^^^^^^^^^^^^^
        )
E       ModuleNotFoundError: No module named 'aiosqlite'

/usr/local/lib/python3.11/site-packages/sqlalchemy/dialects/sqlite/aiosqlite.py:328: ModuleNotFoundError
______ ERROR at setup of TestProviderSequences.test_okta_shaped_sequence _______

    @pytest_asyncio.fixture
    async def session_factory():
>       engine = create_async_engine("sqlite+aiosqlite:///:memory:")
                 ^^^^^^^^^^^^^^^^^^^^^^^^^^^^^^^^^^^^^^^^^^^^^^^^^^^

tests/test_scim_provisioning.py:168: 
_ _ _ _ _ _ _ _ _ _ _ _ _ _ _ _ _ _ _ _ _ _ _ _ _ _ _ _ _ _ _ _ _ _ _ _ _ _ _ _ 
/usr/local/lib/python3.11/site-packages/sqlalchemy/ext/asyncio/engine.py:126: in create_async_engine
    sync_engine = _create_engine(url, **kw)
                  ^^^^^^^^^^^^^^^^^^^^^^^^^
<sqlalchemy generated warned() wrapper for sqlalchemy.engine.create.create_engine>:2: in create_engine
    return target(fn, url, **kwargs)
           ^^^^^^^^^^^^^^^^^^^^^^^^^
/usr/local/lib/python3.11/site-packages/sqlalchemy/util/deprecations.py:281: in warned
    return fn(*args, **kwargs)  # type: ignore[no-any-return]
           ^^^^^^^^^^^^^^^^^^^
/usr/local/lib/python3.11/site-packages/sqlalchemy/engine/create.py:602: in create_engine
    dbapi = dbapi_meth(**dbapi_args)
            ^^^^^^^^^^^^^^^^^^^^^^^^
_ _ _ _ _ _ _ _ _ _ _ _ _ _ _ _ _ _ _ _ _ _ _ _ _ _ _ _ _ _ _ _ _ _ _ _ _ _ _ _ 

cls = <class 'sqlalchemy.dialects.sqlite.aiosqlite.SQLiteDialect_aiosqlite'>

    @classmethod
    def import_dbapi(cls) -> AsyncAdapt_aiosqlite_dbapi:
        return AsyncAdapt_aiosqlite_dbapi(
>           __import__("aiosqlite"), __import__("sqlite3")
            ^^^^^^^^^^^^^^^^^^^^^^^
        )
E       ModuleNotFoundError: No module named 'aiosqlite'

/usr/local/lib/python3.11/site-packages/sqlalchemy/dialects/sqlite/aiosqlite.py:328: ModuleNotFoundError
______ ERROR at setup of TestProviderSequences.test_entra_shaped_sequence ______

    @pytest_asyncio.fixture
    async def session_factory():
>       engine = create_async_engine("sqlite+aiosqlite:///:memory:")
                 ^^^^^^^^^^^^^^^^^^^^^^^^^^^^^^^^^^^^^^^^^^^^^^^^^^^

tests/test_scim_provisioning.py:168: 
_ _ _ _ _ _ _ _ _ _ _ _ _ _ _ _ _ _ _ _ _ _ _ _ _ _ _ _ _ _ _ _ _ _ _ _ _ _ _ _ 
/usr/local/lib/python3.11/site-packages/sqlalchemy/ext/asyncio/engine.py:126: in create_async_engine
    sync_engine = _create_engine(url, **kw)
                  ^^^^^^^^^^^^^^^^^^^^^^^^^
<sqlalchemy generated warned() wrapper for sqlalchemy.engine.create.create_engine>:2: in create_engine
    return target(fn, url, **kwargs)
           ^^^^^^^^^^^^^^^^^^^^^^^^^
/usr/local/lib/python3.11/site-packages/sqlalchemy/util/deprecations.py:281: in warned
    return fn(*args, **kwargs)  # type: ignore[no-any-return]
           ^^^^^^^^^^^^^^^^^^^
/usr/local/lib/python3.11/site-packages/sqlalchemy/engine/create.py:602: in create_engine
    dbapi = dbapi_meth(**dbapi_args)
            ^^^^^^^^^^^^^^^^^^^^^^^^
_ _ _ _ _ _ _ _ _ _ _ _ _ _ _ _ _ _ _ _ _ _ _ _ _ _ _ _ _ _ _ _ _ _ _ _ _ _ _ _ 

cls = <class 'sqlalchemy.dialects.sqlite.aiosqlite.SQLiteDialect_aiosqlite'>

    @classmethod
    def import_dbapi(cls) -> AsyncAdapt_aiosqlite_dbapi:
        return AsyncAdapt_aiosqlite_dbapi(
>           __import__("aiosqlite"), __import__("sqlite3")
            ^^^^^^^^^^^^^^^^^^^^^^^
        )
E       ModuleNotFoundError: No module named 'aiosqlite'

/usr/local/lib/python3.11/site-packages/sqlalchemy/dialects/sqlite/aiosqlite.py:328: ModuleNotFoundError
_ ERROR at setup of TestProviderSequences.test_the_string_false_really_deactivates _

    @pytest_asyncio.fixture
    async def session_factory():
>       engine = create_async_engine("sqlite+aiosqlite:///:memory:")
                 ^^^^^^^^^^^^^^^^^^^^^^^^^^^^^^^^^^^^^^^^^^^^^^^^^^^

tests/test_scim_provisioning.py:168: 
_ _ _ _ _ _ _ _ _ _ _ _ _ _ _ _ _ _ _ _ _ _ _ _ _ _ _ _ _ _ _ _ _ _ _ _ _ _ _ _ 
/usr/local/lib/python3.11/site-packages/sqlalchemy/ext/asyncio/engine.py:126: in create_async_engine
    sync_engine = _create_engine(url, **kw)
                  ^^^^^^^^^^^^^^^^^^^^^^^^^
<sqlalchemy generated warned() wrapper for sqlalchemy.engine.create.create_engine>:2: in create_engine
    return target(fn, url, **kwargs)
           ^^^^^^^^^^^^^^^^^^^^^^^^^
/usr/local/lib/python3.11/site-packages/sqlalchemy/util/deprecations.py:281: in warned
    return fn(*args, **kwargs)  # type: ignore[no-any-return]
           ^^^^^^^^^^^^^^^^^^^
/usr/local/lib/python3.11/site-packages/sqlalchemy/engine/create.py:602: in create_engine
    dbapi = dbapi_meth(**dbapi_args)
            ^^^^^^^^^^^^^^^^^^^^^^^^
_ _ _ _ _ _ _ _ _ _ _ _ _ _ _ _ _ _ _ _ _ _ _ _ _ _ _ _ _ _ _ _ _ _ _ _ _ _ _ _ 

cls = <class 'sqlalchemy.dialects.sqlite.aiosqlite.SQLiteDialect_aiosqlite'>

    @classmethod
    def import_dbapi(cls) -> AsyncAdapt_aiosqlite_dbapi:
        return AsyncAdapt_aiosqlite_dbapi(
>           __import__("aiosqlite"), __import__("sqlite3")
            ^^^^^^^^^^^^^^^^^^^^^^^
        )
E       ModuleNotFoundError: No module named 'aiosqlite'

/usr/local/lib/python3.11/site-packages/sqlalchemy/dialects/sqlite/aiosqlite.py:328: ModuleNotFoundError
___ ERROR at setup of TestProviderSequences.test_both_boolean_spellings_work ___

    @pytest_asyncio.fixture
    async def session_factory():
>       engine = create_async_engine("sqlite+aiosqlite:///:memory:")
                 ^^^^^^^^^^^^^^^^^^^^^^^^^^^^^^^^^^^^^^^^^^^^^^^^^^^

tests/test_scim_provisioning.py:168: 
_ _ _ _ _ _ _ _ _ _ _ _ _ _ _ _ _ _ _ _ _ _ _ _ _ _ _ _ _ _ _ _ _ _ _ _ _ _ _ _ 
/usr/local/lib/python3.11/site-packages/sqlalchemy/ext/asyncio/engine.py:126: in create_async_engine
    sync_engine = _create_engine(url, **kw)
                  ^^^^^^^^^^^^^^^^^^^^^^^^^
<sqlalchemy generated warned() wrapper for sqlalchemy.engine.create.create_engine>:2: in create_engine
    return target(fn, url, **kwargs)
           ^^^^^^^^^^^^^^^^^^^^^^^^^
/usr/local/lib/python3.11/site-packages/sqlalchemy/util/deprecations.py:281: in warned
    return fn(*args, **kwargs)  # type: ignore[no-any-return]
           ^^^^^^^^^^^^^^^^^^^
/usr/local/lib/python3.11/site-packages/sqlalchemy/engine/create.py:602: in create_engine
    dbapi = dbapi_meth(**dbapi_args)
            ^^^^^^^^^^^^^^^^^^^^^^^^
_ _ _ _ _ _ _ _ _ _ _ _ _ _ _ _ _ _ _ _ _ _ _ _ _ _ _ _ _ _ _ _ _ _ _ _ _ _ _ _ 

cls = <class 'sqlalchemy.dialects.sqlite.aiosqlite.SQLiteDialect_aiosqlite'>

    @classmethod
    def import_dbapi(cls) -> AsyncAdapt_aiosqlite_dbapi:
        return AsyncAdapt_aiosqlite_dbapi(
>           __import__("aiosqlite"), __import__("sqlite3")
            ^^^^^^^^^^^^^^^^^^^^^^^
        )
E       ModuleNotFoundError: No module named 'aiosqlite'

/usr/local/lib/python3.11/site-packages/sqlalchemy/dialects/sqlite/aiosqlite.py:328: ModuleNotFoundError
_ ERROR at setup of TestProviderSequences.test_a_value_that_is_neither_true_nor_false_is_refused _

    @pytest_asyncio.fixture
    async def session_factory():
>       engine = create_async_engine("sqlite+aiosqlite:///:memory:")
                 ^^^^^^^^^^^^^^^^^^^^^^^^^^^^^^^^^^^^^^^^^^^^^^^^^^^

tests/test_scim_provisioning.py:168: 
_ _ _ _ _ _ _ _ _ _ _ _ _ _ _ _ _ _ _ _ _ _ _ _ _ _ _ _ _ _ _ _ _ _ _ _ _ _ _ _ 
/usr/local/lib/python3.11/site-packages/sqlalchemy/ext/asyncio/engine.py:126: in create_async_engine
    sync_engine = _create_engine(url, **kw)
                  ^^^^^^^^^^^^^^^^^^^^^^^^^
<sqlalchemy generated warned() wrapper for sqlalchemy.engine.create.create_engine>:2: in create_engine
    return target(fn, url, **kwargs)
           ^^^^^^^^^^^^^^^^^^^^^^^^^
/usr/local/lib/python3.11/site-packages/sqlalchemy/util/deprecations.py:281: in warned
    return fn(*args, **kwargs)  # type: ignore[no-any-return]
           ^^^^^^^^^^^^^^^^^^^
/usr/local/lib/python3.11/site-packages/sqlalchemy/engine/create.py:602: in create_engine
    dbapi = dbapi_meth(**dbapi_args)
            ^^^^^^^^^^^^^^^^^^^^^^^^
_ _ _ _ _ _ _ _ _ _ _ _ _ _ _ _ _ _ _ _ _ _ _ _ _ _ _ _ _ _ _ _ _ _ _ _ _ _ _ _ 

cls = <class 'sqlalchemy.dialects.sqlite.aiosqlite.SQLiteDialect_aiosqlite'>

    @classmethod
    def import_dbapi(cls) -> AsyncAdapt_aiosqlite_dbapi:
        return AsyncAdapt_aiosqlite_dbapi(
>           __import__("aiosqlite"), __import__("sqlite3")
            ^^^^^^^^^^^^^^^^^^^^^^^
        )
E       ModuleNotFoundError: No module named 'aiosqlite'

/usr/local/lib/python3.11/site-packages/sqlalchemy/dialects/sqlite/aiosqlite.py:328: ModuleNotFoundError
_ ERROR at setup of TestProviderSequences.test_an_unknown_attribute_does_not_fail_the_operation_beside_it _

    @pytest_asyncio.fixture
    async def session_factory():
>       engine = create_async_engine("sqlite+aiosqlite:///:memory:")
                 ^^^^^^^^^^^^^^^^^^^^^^^^^^^^^^^^^^^^^^^^^^^^^^^^^^^

tests/test_scim_provisioning.py:168: 
_ _ _ _ _ _ _ _ _ _ _ _ _ _ _ _ _ _ _ _ _ _ _ _ _ _ _ _ _ _ _ _ _ _ _ _ _ _ _ _ 
/usr/local/lib/python3.11/site-packages/sqlalchemy/ext/asyncio/engine.py:126: in create_async_engine
    sync_engine = _create_engine(url, **kw)
                  ^^^^^^^^^^^^^^^^^^^^^^^^^
<sqlalchemy generated warned() wrapper for sqlalchemy.engine.create.create_engine>:2: in create_engine
    return target(fn, url, **kwargs)
           ^^^^^^^^^^^^^^^^^^^^^^^^^
/usr/local/lib/python3.11/site-packages/sqlalchemy/util/deprecations.py:281: in warned
    return fn(*args, **kwargs)  # type: ignore[no-any-return]
           ^^^^^^^^^^^^^^^^^^^
/usr/local/lib/python3.11/site-packages/sqlalchemy/engine/create.py:602: in create_engine
    dbapi = dbapi_meth(**dbapi_args)
            ^^^^^^^^^^^^^^^^^^^^^^^^
_ _ _ _ _ _ _ _ _ _ _ _ _ _ _ _ _ _ _ _ _ _ _ _ _ _ _ _ _ _ _ _ _ _ _ _ _ _ _ _ 

cls = <class 'sqlalchemy.dialects.sqlite.aiosqlite.SQLiteDialect_aiosqlite'>

    @classmethod
    def import_dbapi(cls) -> AsyncAdapt_aiosqlite_dbapi:
        return AsyncAdapt_aiosqlite_dbapi(
>           __import__("aiosqlite"), __import__("sqlite3")
            ^^^^^^^^^^^^^^^^^^^^^^^
        )
E       ModuleNotFoundError: No module named 'aiosqlite'

/usr/local/lib/python3.11/site-packages/sqlalchemy/dialects/sqlite/aiosqlite.py:328: ModuleNotFoundError
_ ERROR at setup of TestAuditing.test_every_write_lands_in_the_audit_log_naming_the_token _

    @pytest_asyncio.fixture
    async def session_factory():
>       engine = create_async_engine("sqlite+aiosqlite:///:memory:")
                 ^^^^^^^^^^^^^^^^^^^^^^^^^^^^^^^^^^^^^^^^^^^^^^^^^^^

tests/test_scim_provisioning.py:168: 
_ _ _ _ _ _ _ _ _ _ _ _ _ _ _ _ _ _ _ _ _ _ _ _ _ _ _ _ _ _ _ _ _ _ _ _ _ _ _ _ 
/usr/local/lib/python3.11/site-packages/sqlalchemy/ext/asyncio/engine.py:126: in create_async_engine
    sync_engine = _create_engine(url, **kw)
                  ^^^^^^^^^^^^^^^^^^^^^^^^^
<sqlalchemy generated warned() wrapper for sqlalchemy.engine.create.create_engine>:2: in create_engine
    return target(fn, url, **kwargs)
           ^^^^^^^^^^^^^^^^^^^^^^^^^
/usr/local/lib/python3.11/site-packages/sqlalchemy/util/deprecations.py:281: in warned
    return fn(*args, **kwargs)  # type: ignore[no-any-return]
           ^^^^^^^^^^^^^^^^^^^
/usr/local/lib/python3.11/site-packages/sqlalchemy/engine/create.py:602: in create_engine
    dbapi = dbapi_meth(**dbapi_args)
            ^^^^^^^^^^^^^^^^^^^^^^^^
_ _ _ _ _ _ _ _ _ _ _ _ _ _ _ _ _ _ _ _ _ _ _ _ _ _ _ _ _ _ _ _ _ _ _ _ _ _ _ _ 

cls = <class 'sqlalchemy.dialects.sqlite.aiosqlite.SQLiteDialect_aiosqlite'>

    @classmethod
    def import_dbapi(cls) -> AsyncAdapt_aiosqlite_dbapi:
        return AsyncAdapt_aiosqlite_dbapi(
>           __import__("aiosqlite"), __import__("sqlite3")
            ^^^^^^^^^^^^^^^^^^^^^^^
        )
E       ModuleNotFoundError: No module named 'aiosqlite'

/usr/local/lib/python3.11/site-packages/sqlalchemy/dialects/sqlite/aiosqlite.py:328: ModuleNotFoundError
_ ERROR at setup of TestAuditing.test_the_deprovisioning_record_says_what_it_ended _

    @pytest_asyncio.fixture
    async def session_factory():
>       engine = create_async_engine("sqlite+aiosqlite:///:memory:")
                 ^^^^^^^^^^^^^^^^^^^^^^^^^^^^^^^^^^^^^^^^^^^^^^^^^^^

tests/test_scim_provisioning.py:168: 
_ _ _ _ _ _ _ _ _ _ _ _ _ _ _ _ _ _ _ _ _ _ _ _ _ _ _ _ _ _ _ _ _ _ _ _ _ _ _ _ 
/usr/local/lib/python3.11/site-packages/sqlalchemy/ext/asyncio/engine.py:126: in create_async_engine
    sync_engine = _create_engine(url, **kw)
                  ^^^^^^^^^^^^^^^^^^^^^^^^^
<sqlalchemy generated warned() wrapper for sqlalchemy.engine.create.create_engine>:2: in create_engine
    return target(fn, url, **kwargs)
           ^^^^^^^^^^^^^^^^^^^^^^^^^
/usr/local/lib/python3.11/site-packages/sqlalchemy/util/deprecations.py:281: in warned
    return fn(*args, **kwargs)  # type: ignore[no-any-return]
           ^^^^^^^^^^^^^^^^^^^
/usr/local/lib/python3.11/site-packages/sqlalchemy/engine/create.py:602: in create_engine
    dbapi = dbapi_meth(**dbapi_args)
            ^^^^^^^^^^^^^^^^^^^^^^^^
_ _ _ _ _ _ _ _ _ _ _ _ _ _ _ _ _ _ _ _ _ _ _ _ _ _ _ _ _ _ _ _ _ _ _ _ _ _ _ _ 

cls = <class 'sqlalchemy.dialects.sqlite.aiosqlite.SQLiteDialect_aiosqlite'>

    @classmethod
    def import_dbapi(cls) -> AsyncAdapt_aiosqlite_dbapi:
        return AsyncAdapt_aiosqlite_dbapi(
>           __import__("aiosqlite"), __import__("sqlite3")
            ^^^^^^^^^^^^^^^^^^^^^^^
        )
E       ModuleNotFoundError: No module named 'aiosqlite'

/usr/local/lib/python3.11/site-packages/sqlalchemy/dialects/sqlite/aiosqlite.py:328: ModuleNotFoundError
_ ERROR at setup of TestToolValidation.test_the_inventory_is_built_from_enabled_servers_only _

    @pytest_asyncio.fixture
    async def session_factory():
>       engine = create_async_engine("sqlite+aiosqlite:///:memory:")
                 ^^^^^^^^^^^^^^^^^^^^^^^^^^^^^^^^^^^^^^^^^^^^^^^^^^^

tests/test_tenant_skills.py:128: 
_ _ _ _ _ _ _ _ _ _ _ _ _ _ _ _ _ _ _ _ _ _ _ _ _ _ _ _ _ _ _ _ _ _ _ _ _ _ _ _ 
/usr/local/lib/python3.11/site-packages/sqlalchemy/ext/asyncio/engine.py:126: in create_async_engine
    sync_engine = _create_engine(url, **kw)
                  ^^^^^^^^^^^^^^^^^^^^^^^^^
<sqlalchemy generated warned() wrapper for sqlalchemy.engine.create.create_engine>:2: in create_engine
    return target(fn, url, **kwargs)
           ^^^^^^^^^^^^^^^^^^^^^^^^^
/usr/local/lib/python3.11/site-packages/sqlalchemy/util/deprecations.py:281: in warned
    return fn(*args, **kwargs)  # type: ignore[no-any-return]
           ^^^^^^^^^^^^^^^^^^^
/usr/local/lib/python3.11/site-packages/sqlalchemy/engine/create.py:602: in create_engine
    dbapi = dbapi_meth(**dbapi_args)
            ^^^^^^^^^^^^^^^^^^^^^^^^
_ _ _ _ _ _ _ _ _ _ _ _ _ _ _ _ _ _ _ _ _ _ _ _ _ _ _ _ _ _ _ _ _ _ _ _ _ _ _ _ 

cls = <class 'sqlalchemy.dialects.sqlite.aiosqlite.SQLiteDialect_aiosqlite'>

    @classmethod
    def import_dbapi(cls) -> AsyncAdapt_aiosqlite_dbapi:
        return AsyncAdapt_aiosqlite_dbapi(
>           __import__("aiosqlite"), __import__("sqlite3")
            ^^^^^^^^^^^^^^^^^^^^^^^
        )
E       ModuleNotFoundError: No module named 'aiosqlite'

/usr/local/lib/python3.11/site-packages/sqlalchemy/dialects/sqlite/aiosqlite.py:328: ModuleNotFoundError
_ ERROR at setup of TestLifecycle.test_a_new_skill_starts_at_version_one_and_draft _

    @pytest_asyncio.fixture
    async def session_factory():
>       engine = create_async_engine("sqlite+aiosqlite:///:memory:")
                 ^^^^^^^^^^^^^^^^^^^^^^^^^^^^^^^^^^^^^^^^^^^^^^^^^^^

tests/test_tenant_skills.py:128: 
_ _ _ _ _ _ _ _ _ _ _ _ _ _ _ _ _ _ _ _ _ _ _ _ _ _ _ _ _ _ _ _ _ _ _ _ _ _ _ _ 
/usr/local/lib/python3.11/site-packages/sqlalchemy/ext/asyncio/engine.py:126: in create_async_engine
    sync_engine = _create_engine(url, **kw)
                  ^^^^^^^^^^^^^^^^^^^^^^^^^
<sqlalchemy generated warned() wrapper for sqlalchemy.engine.create.create_engine>:2: in create_engine
    return target(fn, url, **kwargs)
           ^^^^^^^^^^^^^^^^^^^^^^^^^
/usr/local/lib/python3.11/site-packages/sqlalchemy/util/deprecations.py:281: in warned
    return fn(*args, **kwargs)  # type: ignore[no-any-return]
           ^^^^^^^^^^^^^^^^^^^
/usr/local/lib/python3.11/site-packages/sqlalchemy/engine/create.py:602: in create_engine
    dbapi = dbapi_meth(**dbapi_args)
            ^^^^^^^^^^^^^^^^^^^^^^^^
_ _ _ _ _ _ _ _ _ _ _ _ _ _ _ _ _ _ _ _ _ _ _ _ _ _ _ _ _ _ _ _ _ _ _ _ _ _ _ _ 

cls = <class 'sqlalchemy.dialects.sqlite.aiosqlite.SQLiteDialect_aiosqlite'>

    @classmethod
    def import_dbapi(cls) -> AsyncAdapt_aiosqlite_dbapi:
        return AsyncAdapt_aiosqlite_dbapi(
>           __import__("aiosqlite"), __import__("sqlite3")
            ^^^^^^^^^^^^^^^^^^^^^^^
        )
E       ModuleNotFoundError: No module named 'aiosqlite'

/usr/local/lib/python3.11/site-packages/sqlalchemy/dialects/sqlite/aiosqlite.py:328: ModuleNotFoundError
_ ERROR at setup of TestLifecycle.test_reformatting_keeps_the_version_and_the_backtest _

    @pytest_asyncio.fixture
    async def session_factory():
>       engine = create_async_engine("sqlite+aiosqlite:///:memory:")
                 ^^^^^^^^^^^^^^^^^^^^^^^^^^^^^^^^^^^^^^^^^^^^^^^^^^^

tests/test_tenant_skills.py:128: 
_ _ _ _ _ _ _ _ _ _ _ _ _ _ _ _ _ _ _ _ _ _ _ _ _ _ _ _ _ _ _ _ _ _ _ _ _ _ _ _ 
/usr/local/lib/python3.11/site-packages/sqlalchemy/ext/asyncio/engine.py:126: in create_async_engine
    sync_engine = _create_engine(url, **kw)
                  ^^^^^^^^^^^^^^^^^^^^^^^^^
<sqlalchemy generated warned() wrapper for sqlalchemy.engine.create.create_engine>:2: in create_engine
    return target(fn, url, **kwargs)
           ^^^^^^^^^^^^^^^^^^^^^^^^^
/usr/local/lib/python3.11/site-packages/sqlalchemy/util/deprecations.py:281: in warned
    return fn(*args, **kwargs)  # type: ignore[no-any-return]
           ^^^^^^^^^^^^^^^^^^^
/usr/local/lib/python3.11/site-packages/sqlalchemy/engine/create.py:602: in create_engine
    dbapi = dbapi_meth(**dbapi_args)
            ^^^^^^^^^^^^^^^^^^^^^^^^
_ _ _ _ _ _ _ _ _ _ _ _ _ _ _ _ _ _ _ _ _ _ _ _ _ _ _ _ _ _ _ _ _ _ _ _ _ _ _ _ 

cls = <class 'sqlalchemy.dialects.sqlite.aiosqlite.SQLiteDialect_aiosqlite'>

    @classmethod
    def import_dbapi(cls) -> AsyncAdapt_aiosqlite_dbapi:
        return AsyncAdapt_aiosqlite_dbapi(
>           __import__("aiosqlite"), __import__("sqlite3")
            ^^^^^^^^^^^^^^^^^^^^^^^
        )
E       ModuleNotFoundError: No module named 'aiosqlite'

/usr/local/lib/python3.11/site-packages/sqlalchemy/dialects/sqlite/aiosqlite.py:328: ModuleNotFoundError
_ ERROR at setup of TestLifecycle.test_a_content_edit_bumps_the_version_and_detaches_the_backtest _

    @pytest_asyncio.fixture
    async def session_factory():
>       engine = create_async_engine("sqlite+aiosqlite:///:memory:")
                 ^^^^^^^^^^^^^^^^^^^^^^^^^^^^^^^^^^^^^^^^^^^^^^^^^^^

tests/test_tenant_skills.py:128: 
_ _ _ _ _ _ _ _ _ _ _ _ _ _ _ _ _ _ _ _ _ _ _ _ _ _ _ _ _ _ _ _ _ _ _ _ _ _ _ _ 
/usr/local/lib/python3.11/site-packages/sqlalchemy/ext/asyncio/engine.py:126: in create_async_engine
    sync_engine = _create_engine(url, **kw)
                  ^^^^^^^^^^^^^^^^^^^^^^^^^
<sqlalchemy generated warned() wrapper for sqlalchemy.engine.create.create_engine>:2: in create_engine
    return target(fn, url, **kwargs)
           ^^^^^^^^^^^^^^^^^^^^^^^^^
/usr/local/lib/python3.11/site-packages/sqlalchemy/util/deprecations.py:281: in warned
    return fn(*args, **kwargs)  # type: ignore[no-any-return]
           ^^^^^^^^^^^^^^^^^^^
/usr/local/lib/python3.11/site-packages/sqlalchemy/engine/create.py:602: in create_engine
    dbapi = dbapi_meth(**dbapi_args)
            ^^^^^^^^^^^^^^^^^^^^^^^^
_ _ _ _ _ _ _ _ _ _ _ _ _ _ _ _ _ _ _ _ _ _ _ _ _ _ _ _ _ _ _ _ _ _ _ _ _ _ _ _ 

cls = <class 'sqlalchemy.dialects.sqlite.aiosqlite.SQLiteDialect_aiosqlite'>

    @classmethod
    def import_dbapi(cls) -> AsyncAdapt_aiosqlite_dbapi:
        return AsyncAdapt_aiosqlite_dbapi(
>           __import__("aiosqlite"), __import__("sqlite3")
            ^^^^^^^^^^^^^^^^^^^^^^^
        )
E       ModuleNotFoundError: No module named 'aiosqlite'

/usr/local/lib/python3.11/site-packages/sqlalchemy/dialects/sqlite/aiosqlite.py:328: ModuleNotFoundError
_ ERROR at setup of TestLifecycle.test_activation_refuses_a_skill_with_no_backtest _

    @pytest_asyncio.fixture
    async def session_factory():
>       engine = create_async_engine("sqlite+aiosqlite:///:memory:")
                 ^^^^^^^^^^^^^^^^^^^^^^^^^^^^^^^^^^^^^^^^^^^^^^^^^^^

tests/test_tenant_skills.py:128: 
_ _ _ _ _ _ _ _ _ _ _ _ _ _ _ _ _ _ _ _ _ _ _ _ _ _ _ _ _ _ _ _ _ _ _ _ _ _ _ _ 
/usr/local/lib/python3.11/site-packages/sqlalchemy/ext/asyncio/engine.py:126: in create_async_engine
    sync_engine = _create_engine(url, **kw)
                  ^^^^^^^^^^^^^^^^^^^^^^^^^
<sqlalchemy generated warned() wrapper for sqlalchemy.engine.create.create_engine>:2: in create_engine
    return target(fn, url, **kwargs)
           ^^^^^^^^^^^^^^^^^^^^^^^^^
/usr/local/lib/python3.11/site-packages/sqlalchemy/util/deprecations.py:281: in warned
    return fn(*args, **kwargs)  # type: ignore[no-any-return]
           ^^^^^^^^^^^^^^^^^^^
/usr/local/lib/python3.11/site-packages/sqlalchemy/engine/create.py:602: in create_engine
    dbapi = dbapi_meth(**dbapi_args)
            ^^^^^^^^^^^^^^^^^^^^^^^^
_ _ _ _ _ _ _ _ _ _ _ _ _ _ _ _ _ _ _ _ _ _ _ _ _ _ _ _ _ _ _ _ _ _ _ _ _ _ _ _ 

cls = <class 'sqlalchemy.dialects.sqlite.aiosqlite.SQLiteDialect_aiosqlite'>

    @classmethod
    def import_dbapi(cls) -> AsyncAdapt_aiosqlite_dbapi:
        return AsyncAdapt_aiosqlite_dbapi(
>           __import__("aiosqlite"), __import__("sqlite3")
            ^^^^^^^^^^^^^^^^^^^^^^^
        )
E       ModuleNotFoundError: No module named 'aiosqlite'

/usr/local/lib/python3.11/site-packages/sqlalchemy/dialects/sqlite/aiosqlite.py:328: ModuleNotFoundError
_ ERROR at setup of TestLifecycle.test_activation_refuses_a_backtest_of_a_different_version _

    @pytest_asyncio.fixture
    async def session_factory():
>       engine = create_async_engine("sqlite+aiosqlite:///:memory:")
                 ^^^^^^^^^^^^^^^^^^^^^^^^^^^^^^^^^^^^^^^^^^^^^^^^^^^

tests/test_tenant_skills.py:128: 
_ _ _ _ _ _ _ _ _ _ _ _ _ _ _ _ _ _ _ _ _ _ _ _ _ _ _ _ _ _ _ _ _ _ _ _ _ _ _ _ 
/usr/local/lib/python3.11/site-packages/sqlalchemy/ext/asyncio/engine.py:126: in create_async_engine
    sync_engine = _create_engine(url, **kw)
                  ^^^^^^^^^^^^^^^^^^^^^^^^^
<sqlalchemy generated warned() wrapper for sqlalchemy.engine.create.create_engine>:2: in create_engine
    return target(fn, url, **kwargs)
           ^^^^^^^^^^^^^^^^^^^^^^^^^
/usr/local/lib/python3.11/site-packages/sqlalchemy/util/deprecations.py:281: in warned
    return fn(*args, **kwargs)  # type: ignore[no-any-return]
           ^^^^^^^^^^^^^^^^^^^
/usr/local/lib/python3.11/site-packages/sqlalchemy/engine/create.py:602: in create_engine
    dbapi = dbapi_meth(**dbapi_args)
            ^^^^^^^^^^^^^^^^^^^^^^^^
_ _ _ _ _ _ _ _ _ _ _ _ _ _ _ _ _ _ _ _ _ _ _ _ _ _ _ _ _ _ _ _ _ _ _ _ _ _ _ _ 

cls = <class 'sqlalchemy.dialects.sqlite.aiosqlite.SQLiteDialect_aiosqlite'>

    @classmethod
    def import_dbapi(cls) -> AsyncAdapt_aiosqlite_dbapi:
        return AsyncAdapt_aiosqlite_dbapi(
>           __import__("aiosqlite"), __import__("sqlite3")
            ^^^^^^^^^^^^^^^^^^^^^^^
        )
E       ModuleNotFoundError: No module named 'aiosqlite'

/usr/local/lib/python3.11/site-packages/sqlalchemy/dialects/sqlite/aiosqlite.py:328: ModuleNotFoundError
___ ERROR at setup of TestLifecycle.test_activation_refuses_an_expired_skill ___

    @pytest_asyncio.fixture
    async def session_factory():
>       engine = create_async_engine("sqlite+aiosqlite:///:memory:")
                 ^^^^^^^^^^^^^^^^^^^^^^^^^^^^^^^^^^^^^^^^^^^^^^^^^^^

tests/test_tenant_skills.py:128: 
_ _ _ _ _ _ _ _ _ _ _ _ _ _ _ _ _ _ _ _ _ _ _ _ _ _ _ _ _ _ _ _ _ _ _ _ _ _ _ _ 
/usr/local/lib/python3.11/site-packages/sqlalchemy/ext/asyncio/engine.py:126: in create_async_engine
    sync_engine = _create_engine(url, **kw)
                  ^^^^^^^^^^^^^^^^^^^^^^^^^
<sqlalchemy generated warned() wrapper for sqlalchemy.engine.create.create_engine>:2: in create_engine
    return target(fn, url, **kwargs)
           ^^^^^^^^^^^^^^^^^^^^^^^^^
/usr/local/lib/python3.11/site-packages/sqlalchemy/util/deprecations.py:281: in warned
    return fn(*args, **kwargs)  # type: ignore[no-any-return]
           ^^^^^^^^^^^^^^^^^^^
/usr/local/lib/python3.11/site-packages/sqlalchemy/engine/create.py:602: in create_engine
    dbapi = dbapi_meth(**dbapi_args)
            ^^^^^^^^^^^^^^^^^^^^^^^^
_ _ _ _ _ _ _ _ _ _ _ _ _ _ _ _ _ _ _ _ _ _ _ _ _ _ _ _ _ _ _ _ _ _ _ _ _ _ _ _ 

cls = <class 'sqlalchemy.dialects.sqlite.aiosqlite.SQLiteDialect_aiosqlite'>

    @classmethod
    def import_dbapi(cls) -> AsyncAdapt_aiosqlite_dbapi:
        return AsyncAdapt_aiosqlite_dbapi(
>           __import__("aiosqlite"), __import__("sqlite3")
            ^^^^^^^^^^^^^^^^^^^^^^^
        )
E       ModuleNotFoundError: No module named 'aiosqlite'

/usr/local/lib/python3.11/site-packages/sqlalchemy/dialects/sqlite/aiosqlite.py:328: ModuleNotFoundError
_ ERROR at setup of TestLifecycle.test_one_evaluation_cannot_be_its_own_baseline _

    @pytest_asyncio.fixture
    async def session_factory():
>       engine = create_async_engine("sqlite+aiosqlite:///:memory:")
                 ^^^^^^^^^^^^^^^^^^^^^^^^^^^^^^^^^^^^^^^^^^^^^^^^^^^

tests/test_tenant_skills.py:128: 
_ _ _ _ _ _ _ _ _ _ _ _ _ _ _ _ _ _ _ _ _ _ _ _ _ _ _ _ _ _ _ _ _ _ _ _ _ _ _ _ 
/usr/local/lib/python3.11/site-packages/sqlalchemy/ext/asyncio/engine.py:126: in create_async_engine
    sync_engine = _create_engine(url, **kw)
                  ^^^^^^^^^^^^^^^^^^^^^^^^^
<sqlalchemy generated warned() wrapper for sqlalchemy.engine.create.create_engine>:2: in create_engine
    return target(fn, url, **kwargs)
           ^^^^^^^^^^^^^^^^^^^^^^^^^
/usr/local/lib/python3.11/site-packages/sqlalchemy/util/deprecations.py:281: in warned
    return fn(*args, **kwargs)  # type: ignore[no-any-return]
           ^^^^^^^^^^^^^^^^^^^
/usr/local/lib/python3.11/site-packages/sqlalchemy/engine/create.py:602: in create_engine
    dbapi = dbapi_meth(**dbapi_args)
            ^^^^^^^^^^^^^^^^^^^^^^^^
_ _ _ _ _ _ _ _ _ _ _ _ _ _ _ _ _ _ _ _ _ _ _ _ _ _ _ _ _ _ _ _ _ _ _ _ _ _ _ _ 

cls = <class 'sqlalchemy.dialects.sqlite.aiosqlite.SQLiteDialect_aiosqlite'>

    @classmethod
    def import_dbapi(cls) -> AsyncAdapt_aiosqlite_dbapi:
        return AsyncAdapt_aiosqlite_dbapi(
>           __import__("aiosqlite"), __import__("sqlite3")
            ^^^^^^^^^^^^^^^^^^^^^^^
        )
E       ModuleNotFoundError: No module named 'aiosqlite'

/usr/local/lib/python3.11/site-packages/sqlalchemy/dialects/sqlite/aiosqlite.py:328: ModuleNotFoundError
_ ERROR at setup of TestLifecycle.test_activation_stamps_the_version_row_with_the_backtest _

    @pytest_asyncio.fixture
    async def session_factory():
>       engine = create_async_engine("sqlite+aiosqlite:///:memory:")
                 ^^^^^^^^^^^^^^^^^^^^^^^^^^^^^^^^^^^^^^^^^^^^^^^^^^^

tests/test_tenant_skills.py:128: 
_ _ _ _ _ _ _ _ _ _ _ _ _ _ _ _ _ _ _ _ _ _ _ _ _ _ _ _ _ _ _ _ _ _ _ _ _ _ _ _ 
/usr/local/lib/python3.11/site-packages/sqlalchemy/ext/asyncio/engine.py:126: in create_async_engine
    sync_engine = _create_engine(url, **kw)
                  ^^^^^^^^^^^^^^^^^^^^^^^^^
<sqlalchemy generated warned() wrapper for sqlalchemy.engine.create.create_engine>:2: in create_engine
    return target(fn, url, **kwargs)
           ^^^^^^^^^^^^^^^^^^^^^^^^^
/usr/local/lib/python3.11/site-packages/sqlalchemy/util/deprecations.py:281: in warned
    return fn(*args, **kwargs)  # type: ignore[no-any-return]
           ^^^^^^^^^^^^^^^^^^^
/usr/local/lib/python3.11/site-packages/sqlalchemy/engine/create.py:602: in create_engine
    dbapi = dbapi_meth(**dbapi_args)
            ^^^^^^^^^^^^^^^^^^^^^^^^
_ _ _ _ _ _ _ _ _ _ _ _ _ _ _ _ _ _ _ _ _ _ _ _ _ _ _ _ _ _ _ _ _ _ _ _ _ _ _ _ 

cls = <class 'sqlalchemy.dialects.sqlite.aiosqlite.SQLiteDialect_aiosqlite'>

    @classmethod
    def import_dbapi(cls) -> AsyncAdapt_aiosqlite_dbapi:
        return AsyncAdapt_aiosqlite_dbapi(
>           __import__("aiosqlite"), __import__("sqlite3")
            ^^^^^^^^^^^^^^^^^^^^^^^
        )
E       ModuleNotFoundError: No module named 'aiosqlite'

/usr/local/lib/python3.11/site-packages/sqlalchemy/dialects/sqlite/aiosqlite.py:328: ModuleNotFoundError
_ ERROR at setup of TestLifecycle.test_an_expired_active_skill_is_not_served_to_the_agent _

    @pytest_asyncio.fixture
    async def session_factory():
>       engine = create_async_engine("sqlite+aiosqlite:///:memory:")
                 ^^^^^^^^^^^^^^^^^^^^^^^^^^^^^^^^^^^^^^^^^^^^^^^^^^^

tests/test_tenant_skills.py:128: 
_ _ _ _ _ _ _ _ _ _ _ _ _ _ _ _ _ _ _ _ _ _ _ _ _ _ _ _ _ _ _ _ _ _ _ _ _ _ _ _ 
/usr/local/lib/python3.11/site-packages/sqlalchemy/ext/asyncio/engine.py:126: in create_async_engine
    sync_engine = _create_engine(url, **kw)
                  ^^^^^^^^^^^^^^^^^^^^^^^^^
<sqlalchemy generated warned() wrapper for sqlalchemy.engine.create.create_engine>:2: in create_engine
    return target(fn, url, **kwargs)
           ^^^^^^^^^^^^^^^^^^^^^^^^^
/usr/local/lib/python3.11/site-packages/sqlalchemy/util/deprecations.py:281: in warned
    return fn(*args, **kwargs)  # type: ignore[no-any-return]
           ^^^^^^^^^^^^^^^^^^^
/usr/local/lib/python3.11/site-packages/sqlalchemy/engine/create.py:602: in create_engine
    dbapi = dbapi_meth(**dbapi_args)
            ^^^^^^^^^^^^^^^^^^^^^^^^
_ _ _ _ _ _ _ _ _ _ _ _ _ _ _ _ _ _ _ _ _ _ _ _ _ _ _ _ _ _ _ _ _ _ _ _ _ _ _ _ 

cls = <class 'sqlalchemy.dialects.sqlite.aiosqlite.SQLiteDialect_aiosqlite'>

    @classmethod
    def import_dbapi(cls) -> AsyncAdapt_aiosqlite_dbapi:
        return AsyncAdapt_aiosqlite_dbapi(
>           __import__("aiosqlite"), __import__("sqlite3")
            ^^^^^^^^^^^^^^^^^^^^^^^
        )
E       ModuleNotFoundError: No module named 'aiosqlite'

/usr/local/lib/python3.11/site-packages/sqlalchemy/dialects/sqlite/aiosqlite.py:328: ModuleNotFoundError
_ ERROR at setup of TestLifecycle.test_a_retired_skill_keeps_its_history_and_stops_being_served _

    @pytest_asyncio.fixture
    async def session_factory():
>       engine = create_async_engine("sqlite+aiosqlite:///:memory:")
                 ^^^^^^^^^^^^^^^^^^^^^^^^^^^^^^^^^^^^^^^^^^^^^^^^^^^

tests/test_tenant_skills.py:128: 
_ _ _ _ _ _ _ _ _ _ _ _ _ _ _ _ _ _ _ _ _ _ _ _ _ _ _ _ _ _ _ _ _ _ _ _ _ _ _ _ 
/usr/local/lib/python3.11/site-packages/sqlalchemy/ext/asyncio/engine.py:126: in create_async_engine
    sync_engine = _create_engine(url, **kw)
                  ^^^^^^^^^^^^^^^^^^^^^^^^^
<sqlalchemy generated warned() wrapper for sqlalchemy.engine.create.create_engine>:2: in create_engine
    return target(fn, url, **kwargs)
           ^^^^^^^^^^^^^^^^^^^^^^^^^
/usr/local/lib/python3.11/site-packages/sqlalchemy/util/deprecations.py:281: in warned
    return fn(*args, **kwargs)  # type: ignore[no-any-return]
           ^^^^^^^^^^^^^^^^^^^
/usr/local/lib/python3.11/site-packages/sqlalchemy/engine/create.py:602: in create_engine
    dbapi = dbapi_meth(**dbapi_args)
            ^^^^^^^^^^^^^^^^^^^^^^^^
_ _ _ _ _ _ _ _ _ _ _ _ _ _ _ _ _ _ _ _ _ _ _ _ _ _ _ _ _ _ _ _ _ _ _ _ _ _ _ _ 

cls = <class 'sqlalchemy.dialects.sqlite.aiosqlite.SQLiteDialect_aiosqlite'>

    @classmethod
    def import_dbapi(cls) -> AsyncAdapt_aiosqlite_dbapi:
        return AsyncAdapt_aiosqlite_dbapi(
>           __import__("aiosqlite"), __import__("sqlite3")
            ^^^^^^^^^^^^^^^^^^^^^^^
        )
E       ModuleNotFoundError: No module named 'aiosqlite'

/usr/local/lib/python3.11/site-packages/sqlalchemy/dialects/sqlite/aiosqlite.py:328: ModuleNotFoundError
_ ERROR at setup of TestRoutes.test_validate_returns_a_readable_failure_rather_than_a_422 _

    @pytest_asyncio.fixture
    async def session_factory():
>       engine = create_async_engine("sqlite+aiosqlite:///:memory:")
                 ^^^^^^^^^^^^^^^^^^^^^^^^^^^^^^^^^^^^^^^^^^^^^^^^^^^

tests/test_tenant_skills.py:128: 
_ _ _ _ _ _ _ _ _ _ _ _ _ _ _ _ _ _ _ _ _ _ _ _ _ _ _ _ _ _ _ _ _ _ _ _ _ _ _ _ 
/usr/local/lib/python3.11/site-packages/sqlalchemy/ext/asyncio/engine.py:126: in create_async_engine
    sync_engine = _create_engine(url, **kw)
                  ^^^^^^^^^^^^^^^^^^^^^^^^^
<sqlalchemy generated warned() wrapper for sqlalchemy.engine.create.create_engine>:2: in create_engine
    return target(fn, url, **kwargs)
           ^^^^^^^^^^^^^^^^^^^^^^^^^
/usr/local/lib/python3.11/site-packages/sqlalchemy/util/deprecations.py:281: in warned
    return fn(*args, **kwargs)  # type: ignore[no-any-return]
           ^^^^^^^^^^^^^^^^^^^
/usr/local/lib/python3.11/site-packages/sqlalchemy/engine/create.py:602: in create_engine
    dbapi = dbapi_meth(**dbapi_args)
            ^^^^^^^^^^^^^^^^^^^^^^^^
_ _ _ _ _ _ _ _ _ _ _ _ _ _ _ _ _ _ _ _ _ _ _ _ _ _ _ _ _ _ _ _ _ _ _ _ _ _ _ _ 

cls = <class 'sqlalchemy.dialects.sqlite.aiosqlite.SQLiteDialect_aiosqlite'>

    @classmethod
    def import_dbapi(cls) -> AsyncAdapt_aiosqlite_dbapi:
        return AsyncAdapt_aiosqlite_dbapi(
>           __import__("aiosqlite"), __import__("sqlite3")
            ^^^^^^^^^^^^^^^^^^^^^^^
        )
E       ModuleNotFoundError: No module named 'aiosqlite'

/usr/local/lib/python3.11/site-packages/sqlalchemy/dialects/sqlite/aiosqlite.py:328: ModuleNotFoundError
_ ERROR at setup of TestRoutes.test_saving_an_invalid_document_is_a_422_with_the_message_verbatim _

    @pytest_asyncio.fixture
    async def session_factory():
>       engine = create_async_engine("sqlite+aiosqlite:///:memory:")
                 ^^^^^^^^^^^^^^^^^^^^^^^^^^^^^^^^^^^^^^^^^^^^^^^^^^^

tests/test_tenant_skills.py:128: 
_ _ _ _ _ _ _ _ _ _ _ _ _ _ _ _ _ _ _ _ _ _ _ _ _ _ _ _ _ _ _ _ _ _ _ _ _ _ _ _ 
/usr/local/lib/python3.11/site-packages/sqlalchemy/ext/asyncio/engine.py:126: in create_async_engine
    sync_engine = _create_engine(url, **kw)
                  ^^^^^^^^^^^^^^^^^^^^^^^^^
<sqlalchemy generated warned() wrapper for sqlalchemy.engine.create.create_engine>:2: in create_engine
    return target(fn, url, **kwargs)
           ^^^^^^^^^^^^^^^^^^^^^^^^^
/usr/local/lib/python3.11/site-packages/sqlalchemy/util/deprecations.py:281: in warned
    return fn(*args, **kwargs)  # type: ignore[no-any-return]
           ^^^^^^^^^^^^^^^^^^^
/usr/local/lib/python3.11/site-packages/sqlalchemy/engine/create.py:602: in create_engine
    dbapi = dbapi_meth(**dbapi_args)
            ^^^^^^^^^^^^^^^^^^^^^^^^
_ _ _ _ _ _ _ _ _ _ _ _ _ _ _ _ _ _ _ _ _ _ _ _ _ _ _ _ _ _ _ _ _ _ _ _ _ _ _ _ 

cls = <class 'sqlalchemy.dialects.sqlite.aiosqlite.SQLiteDialect_aiosqlite'>

    @classmethod
    def import_dbapi(cls) -> AsyncAdapt_aiosqlite_dbapi:
        return AsyncAdapt_aiosqlite_dbapi(
>           __import__("aiosqlite"), __import__("sqlite3")
            ^^^^^^^^^^^^^^^^^^^^^^^
        )
E       ModuleNotFoundError: No module named 'aiosqlite'

/usr/local/lib/python3.11/site-packages/sqlalchemy/dialects/sqlite/aiosqlite.py:328: ModuleNotFoundError
____ ERROR at setup of TestRoutes.test_save_then_read_then_version_history _____

    @pytest_asyncio.fixture
    async def session_factory():
>       engine = create_async_engine("sqlite+aiosqlite:///:memory:")
                 ^^^^^^^^^^^^^^^^^^^^^^^^^^^^^^^^^^^^^^^^^^^^^^^^^^^

tests/test_tenant_skills.py:128: 
_ _ _ _ _ _ _ _ _ _ _ _ _ _ _ _ _ _ _ _ _ _ _ _ _ _ _ _ _ _ _ _ _ _ _ _ _ _ _ _ 
/usr/local/lib/python3.11/site-packages/sqlalchemy/ext/asyncio/engine.py:126: in create_async_engine
    sync_engine = _create_engine(url, **kw)
                  ^^^^^^^^^^^^^^^^^^^^^^^^^
<sqlalchemy generated warned() wrapper for sqlalchemy.engine.create.create_engine>:2: in create_engine
    return target(fn, url, **kwargs)
           ^^^^^^^^^^^^^^^^^^^^^^^^^
/usr/local/lib/python3.11/site-packages/sqlalchemy/util/deprecations.py:281: in warned
    return fn(*args, **kwargs)  # type: ignore[no-any-return]
           ^^^^^^^^^^^^^^^^^^^
/usr/local/lib/python3.11/site-packages/sqlalchemy/engine/create.py:602: in create_engine
    dbapi = dbapi_meth(**dbapi_args)
            ^^^^^^^^^^^^^^^^^^^^^^^^
_ _ _ _ _ _ _ _ _ _ _ _ _ _ _ _ _ _ _ _ _ _ _ _ _ _ _ _ _ _ _ _ _ _ _ _ _ _ _ _ 

cls = <class 'sqlalchemy.dialects.sqlite.aiosqlite.SQLiteDialect_aiosqlite'>

    @classmethod
    def import_dbapi(cls) -> AsyncAdapt_aiosqlite_dbapi:
        return AsyncAdapt_aiosqlite_dbapi(
>           __import__("aiosqlite"), __import__("sqlite3")
            ^^^^^^^^^^^^^^^^^^^^^^^
        )
E       ModuleNotFoundError: No module named 'aiosqlite'

/usr/local/lib/python3.11/site-packages/sqlalchemy/dialects/sqlite/aiosqlite.py:328: ModuleNotFoundError
_ ERROR at setup of TestRoutes.test_activating_without_a_backtest_is_a_409_naming_the_reason _

    @pytest_asyncio.fixture
    async def session_factory():
>       engine = create_async_engine("sqlite+aiosqlite:///:memory:")
                 ^^^^^^^^^^^^^^^^^^^^^^^^^^^^^^^^^^^^^^^^^^^^^^^^^^^

tests/test_tenant_skills.py:128: 
_ _ _ _ _ _ _ _ _ _ _ _ _ _ _ _ _ _ _ _ _ _ _ _ _ _ _ _ _ _ _ _ _ _ _ _ _ _ _ _ 
/usr/local/lib/python3.11/site-packages/sqlalchemy/ext/asyncio/engine.py:126: in create_async_engine
    sync_engine = _create_engine(url, **kw)
                  ^^^^^^^^^^^^^^^^^^^^^^^^^
<sqlalchemy generated warned() wrapper for sqlalchemy.engine.create.create_engine>:2: in create_engine
    return target(fn, url, **kwargs)
           ^^^^^^^^^^^^^^^^^^^^^^^^^
/usr/local/lib/python3.11/site-packages/sqlalchemy/util/deprecations.py:281: in warned
    return fn(*args, **kwargs)  # type: ignore[no-any-return]
           ^^^^^^^^^^^^^^^^^^^
/usr/local/lib/python3.11/site-packages/sqlalchemy/engine/create.py:602: in create_engine
    dbapi = dbapi_meth(**dbapi_args)
            ^^^^^^^^^^^^^^^^^^^^^^^^
_ _ _ _ _ _ _ _ _ _ _ _ _ _ _ _ _ _ _ _ _ _ _ _ _ _ _ _ _ _ _ _ _ _ _ _ _ _ _ _ 

cls = <class 'sqlalchemy.dialects.sqlite.aiosqlite.SQLiteDialect_aiosqlite'>

    @classmethod
    def import_dbapi(cls) -> AsyncAdapt_aiosqlite_dbapi:
        return AsyncAdapt_aiosqlite_dbapi(
>           __import__("aiosqlite"), __import__("sqlite3")
            ^^^^^^^^^^^^^^^^^^^^^^^
        )
E       ModuleNotFoundError: No module named 'aiosqlite'

/usr/local/lib/python3.11/site-packages/sqlalchemy/dialects/sqlite/aiosqlite.py:328: ModuleNotFoundError
_ ERROR at setup of TestRoutes.test_another_tenants_skill_is_a_404_rather_than_a_read _

    @pytest_asyncio.fixture
    async def session_factory():
>       engine = create_async_engine("sqlite+aiosqlite:///:memory:")
                 ^^^^^^^^^^^^^^^^^^^^^^^^^^^^^^^^^^^^^^^^^^^^^^^^^^^

tests/test_tenant_skills.py:128: 
_ _ _ _ _ _ _ _ _ _ _ _ _ _ _ _ _ _ _ _ _ _ _ _ _ _ _ _ _ _ _ _ _ _ _ _ _ _ _ _ 
/usr/local/lib/python3.11/site-packages/sqlalchemy/ext/asyncio/engine.py:126: in create_async_engine
    sync_engine = _create_engine(url, **kw)
                  ^^^^^^^^^^^^^^^^^^^^^^^^^
<sqlalchemy generated warned() wrapper for sqlalchemy.engine.create.create_engine>:2: in create_engine
    return target(fn, url, **kwargs)
           ^^^^^^^^^^^^^^^^^^^^^^^^^
/usr/local/lib/python3.11/site-packages/sqlalchemy/util/deprecations.py:281: in warned
    return fn(*args, **kwargs)  # type: ignore[no-any-return]
           ^^^^^^^^^^^^^^^^^^^
/usr/local/lib/python3.11/site-packages/sqlalchemy/engine/create.py:602: in create_engine
    dbapi = dbapi_meth(**dbapi_args)
            ^^^^^^^^^^^^^^^^^^^^^^^^
_ _ _ _ _ _ _ _ _ _ _ _ _ _ _ _ _ _ _ _ _ _ _ _ _ _ _ _ _ _ _ _ _ _ _ _ _ _ _ _ 

cls = <class 'sqlalchemy.dialects.sqlite.aiosqlite.SQLiteDialect_aiosqlite'>

    @classmethod
    def import_dbapi(cls) -> AsyncAdapt_aiosqlite_dbapi:
        return AsyncAdapt_aiosqlite_dbapi(
>           __import__("aiosqlite"), __import__("sqlite3")
            ^^^^^^^^^^^^^^^^^^^^^^^
        )
E       ModuleNotFoundError: No module named 'aiosqlite'

/usr/local/lib/python3.11/site-packages/sqlalchemy/dialects/sqlite/aiosqlite.py:328: ModuleNotFoundError
_ ERROR at setup of TestRoutes.test_the_internal_route_refuses_a_missing_token _

    @pytest_asyncio.fixture
    async def session_factory():
>       engine = create_async_engine("sqlite+aiosqlite:///:memory:")
                 ^^^^^^^^^^^^^^^^^^^^^^^^^^^^^^^^^^^^^^^^^^^^^^^^^^^

tests/test_tenant_skills.py:128: 
_ _ _ _ _ _ _ _ _ _ _ _ _ _ _ _ _ _ _ _ _ _ _ _ _ _ _ _ _ _ _ _ _ _ _ _ _ _ _ _ 
/usr/local/lib/python3.11/site-packages/sqlalchemy/ext/asyncio/engine.py:126: in create_async_engine
    sync_engine = _create_engine(url, **kw)
                  ^^^^^^^^^^^^^^^^^^^^^^^^^
<sqlalchemy generated warned() wrapper for sqlalchemy.engine.create.create_engine>:2: in create_engine
    return target(fn, url, **kwargs)
           ^^^^^^^^^^^^^^^^^^^^^^^^^
/usr/local/lib/python3.11/site-packages/sqlalchemy/util/deprecations.py:281: in warned
    return fn(*args, **kwargs)  # type: ignore[no-any-return]
           ^^^^^^^^^^^^^^^^^^^
/usr/local/lib/python3.11/site-packages/sqlalchemy/engine/create.py:602: in create_engine
    dbapi = dbapi_meth(**dbapi_args)
            ^^^^^^^^^^^^^^^^^^^^^^^^
_ _ _ _ _ _ _ _ _ _ _ _ _ _ _ _ _ _ _ _ _ _ _ _ _ _ _ _ _ _ _ _ _ _ _ _ _ _ _ _ 

cls = <class 'sqlalchemy.dialects.sqlite.aiosqlite.SQLiteDialect_aiosqlite'>

    @classmethod
    def import_dbapi(cls) -> AsyncAdapt_aiosqlite_dbapi:
        return AsyncAdapt_aiosqlite_dbapi(
>           __import__("aiosqlite"), __import__("sqlite3")
            ^^^^^^^^^^^^^^^^^^^^^^^
        )
E       ModuleNotFoundError: No module named 'aiosqlite'

/usr/local/lib/python3.11/site-packages/sqlalchemy/dialects/sqlite/aiosqlite.py:328: ModuleNotFoundError
_ ERROR at setup of TestRoutes.test_the_internal_route_refuses_a_valid_console_session _

    @pytest_asyncio.fixture
    async def session_factory():
>       engine = create_async_engine("sqlite+aiosqlite:///:memory:")
                 ^^^^^^^^^^^^^^^^^^^^^^^^^^^^^^^^^^^^^^^^^^^^^^^^^^^

tests/test_tenant_skills.py:128: 
_ _ _ _ _ _ _ _ _ _ _ _ _ _ _ _ _ _ _ _ _ _ _ _ _ _ _ _ _ _ _ _ _ _ _ _ _ _ _ _ 
/usr/local/lib/python3.11/site-packages/sqlalchemy/ext/asyncio/engine.py:126: in create_async_engine
    sync_engine = _create_engine(url, **kw)
                  ^^^^^^^^^^^^^^^^^^^^^^^^^
<sqlalchemy generated warned() wrapper for sqlalchemy.engine.create.create_engine>:2: in create_engine
    return target(fn, url, **kwargs)
           ^^^^^^^^^^^^^^^^^^^^^^^^^
/usr/local/lib/python3.11/site-packages/sqlalchemy/util/deprecations.py:281: in warned
    return fn(*args, **kwargs)  # type: ignore[no-any-return]
           ^^^^^^^^^^^^^^^^^^^
/usr/local/lib/python3.11/site-packages/sqlalchemy/engine/create.py:602: in create_engine
    dbapi = dbapi_meth(**dbapi_args)
            ^^^^^^^^^^^^^^^^^^^^^^^^
_ _ _ _ _ _ _ _ _ _ _ _ _ _ _ _ _ _ _ _ _ _ _ _ _ _ _ _ _ _ _ _ _ _ _ _ _ _ _ _ 

cls = <class 'sqlalchemy.dialects.sqlite.aiosqlite.SQLiteDialect_aiosqlite'>

    @classmethod
    def import_dbapi(cls) -> AsyncAdapt_aiosqlite_dbapi:
        return AsyncAdapt_aiosqlite_dbapi(
>           __import__("aiosqlite"), __import__("sqlite3")
            ^^^^^^^^^^^^^^^^^^^^^^^
        )
E       ModuleNotFoundError: No module named 'aiosqlite'

/usr/local/lib/python3.11/site-packages/sqlalchemy/dialects/sqlite/aiosqlite.py:328: ModuleNotFoundError
_ ERROR at setup of TestRoutes.test_the_internal_route_serves_only_active_unexpired_skills_for_the_named_tenant _

    @pytest_asyncio.fixture
    async def session_factory():
>       engine = create_async_engine("sqlite+aiosqlite:///:memory:")
                 ^^^^^^^^^^^^^^^^^^^^^^^^^^^^^^^^^^^^^^^^^^^^^^^^^^^

tests/test_tenant_skills.py:128: 
_ _ _ _ _ _ _ _ _ _ _ _ _ _ _ _ _ _ _ _ _ _ _ _ _ _ _ _ _ _ _ _ _ _ _ _ _ _ _ _ 
/usr/local/lib/python3.11/site-packages/sqlalchemy/ext/asyncio/engine.py:126: in create_async_engine
    sync_engine = _create_engine(url, **kw)
                  ^^^^^^^^^^^^^^^^^^^^^^^^^
<sqlalchemy generated warned() wrapper for sqlalchemy.engine.create.create_engine>:2: in create_engine
    return target(fn, url, **kwargs)
           ^^^^^^^^^^^^^^^^^^^^^^^^^
/usr/local/lib/python3.11/site-packages/sqlalchemy/util/deprecations.py:281: in warned
    return fn(*args, **kwargs)  # type: ignore[no-any-return]
           ^^^^^^^^^^^^^^^^^^^
/usr/local/lib/python3.11/site-packages/sqlalchemy/engine/create.py:602: in create_engine
    dbapi = dbapi_meth(**dbapi_args)
            ^^^^^^^^^^^^^^^^^^^^^^^^
_ _ _ _ _ _ _ _ _ _ _ _ _ _ _ _ _ _ _ _ _ _ _ _ _ _ _ _ _ _ _ _ _ _ _ _ _ _ _ _ 

cls = <class 'sqlalchemy.dialects.sqlite.aiosqlite.SQLiteDialect_aiosqlite'>

    @classmethod
    def import_dbapi(cls) -> AsyncAdapt_aiosqlite_dbapi:
        return AsyncAdapt_aiosqlite_dbapi(
>           __import__("aiosqlite"), __import__("sqlite3")
            ^^^^^^^^^^^^^^^^^^^^^^^
        )
E       ModuleNotFoundError: No module named 'aiosqlite'

/usr/local/lib/python3.11/site-packages/sqlalchemy/dialects/sqlite/aiosqlite.py:328: ModuleNotFoundError
_ ERROR at setup of TestMetersEqualRowCounts.test_alerts_match_the_row_count_for_that_day _

    @pytest_asyncio.fixture
    async def session_factory():
>       engine = create_async_engine("sqlite+aiosqlite:///:memory:")
                 ^^^^^^^^^^^^^^^^^^^^^^^^^^^^^^^^^^^^^^^^^^^^^^^^^^^

tests/test_usage_metering.py:82: 
_ _ _ _ _ _ _ _ _ _ _ _ _ _ _ _ _ _ _ _ _ _ _ _ _ _ _ _ _ _ _ _ _ _ _ _ _ _ _ _ 
/usr/local/lib/python3.11/site-packages/sqlalchemy/ext/asyncio/engine.py:126: in create_async_engine
    sync_engine = _create_engine(url, **kw)
                  ^^^^^^^^^^^^^^^^^^^^^^^^^
<sqlalchemy generated warned() wrapper for sqlalchemy.engine.create.create_engine>:2: in create_engine
    return target(fn, url, **kwargs)
           ^^^^^^^^^^^^^^^^^^^^^^^^^
/usr/local/lib/python3.11/site-packages/sqlalchemy/util/deprecations.py:281: in warned
    return fn(*args, **kwargs)  # type: ignore[no-any-return]
           ^^^^^^^^^^^^^^^^^^^
/usr/local/lib/python3.11/site-packages/sqlalchemy/engine/create.py:602: in create_engine
    dbapi = dbapi_meth(**dbapi_args)
            ^^^^^^^^^^^^^^^^^^^^^^^^
_ _ _ _ _ _ _ _ _ _ _ _ _ _ _ _ _ _ _ _ _ _ _ _ _ _ _ _ _ _ _ _ _ _ _ _ _ _ _ _ 

cls = <class 'sqlalchemy.dialects.sqlite.aiosqlite.SQLiteDialect_aiosqlite'>

    @classmethod
    def import_dbapi(cls) -> AsyncAdapt_aiosqlite_dbapi:
        return AsyncAdapt_aiosqlite_dbapi(
>           __import__("aiosqlite"), __import__("sqlite3")
            ^^^^^^^^^^^^^^^^^^^^^^^
        )
E       ModuleNotFoundError: No module named 'aiosqlite'

/usr/local/lib/python3.11/site-packages/sqlalchemy/dialects/sqlite/aiosqlite.py:328: ModuleNotFoundError
_ ERROR at setup of TestMetersEqualRowCounts.test_triage_paths_partition_the_alerts_exactly _

    @pytest_asyncio.fixture
    async def session_factory():
>       engine = create_async_engine("sqlite+aiosqlite:///:memory:")
                 ^^^^^^^^^^^^^^^^^^^^^^^^^^^^^^^^^^^^^^^^^^^^^^^^^^^

tests/test_usage_metering.py:82: 
_ _ _ _ _ _ _ _ _ _ _ _ _ _ _ _ _ _ _ _ _ _ _ _ _ _ _ _ _ _ _ _ _ _ _ _ _ _ _ _ 
/usr/local/lib/python3.11/site-packages/sqlalchemy/ext/asyncio/engine.py:126: in create_async_engine
    sync_engine = _create_engine(url, **kw)
                  ^^^^^^^^^^^^^^^^^^^^^^^^^
<sqlalchemy generated warned() wrapper for sqlalchemy.engine.create.create_engine>:2: in create_engine
    return target(fn, url, **kwargs)
           ^^^^^^^^^^^^^^^^^^^^^^^^^
/usr/local/lib/python3.11/site-packages/sqlalchemy/util/deprecations.py:281: in warned
    return fn(*args, **kwargs)  # type: ignore[no-any-return]
           ^^^^^^^^^^^^^^^^^^^
/usr/local/lib/python3.11/site-packages/sqlalchemy/engine/create.py:602: in create_engine
    dbapi = dbapi_meth(**dbapi_args)
            ^^^^^^^^^^^^^^^^^^^^^^^^
_ _ _ _ _ _ _ _ _ _ _ _ _ _ _ _ _ _ _ _ _ _ _ _ _ _ _ _ _ _ _ _ _ _ _ _ _ _ _ _ 

cls = <class 'sqlalchemy.dialects.sqlite.aiosqlite.SQLiteDialect_aiosqlite'>

    @classmethod
    def import_dbapi(cls) -> AsyncAdapt_aiosqlite_dbapi:
        return AsyncAdapt_aiosqlite_dbapi(
>           __import__("aiosqlite"), __import__("sqlite3")
            ^^^^^^^^^^^^^^^^^^^^^^^
        )
E       ModuleNotFoundError: No module named 'aiosqlite'

/usr/local/lib/python3.11/site-packages/sqlalchemy/dialects/sqlite/aiosqlite.py:328: ModuleNotFoundError
_ ERROR at setup of TestMetersEqualRowCounts.test_another_tenants_rows_are_never_counted _

    @pytest_asyncio.fixture
    async def session_factory():
>       engine = create_async_engine("sqlite+aiosqlite:///:memory:")
                 ^^^^^^^^^^^^^^^^^^^^^^^^^^^^^^^^^^^^^^^^^^^^^^^^^^^

tests/test_usage_metering.py:82: 
_ _ _ _ _ _ _ _ _ _ _ _ _ _ _ _ _ _ _ _ _ _ _ _ _ _ _ _ _ _ _ _ _ _ _ _ _ _ _ _ 
/usr/local/lib/python3.11/site-packages/sqlalchemy/ext/asyncio/engine.py:126: in create_async_engine
    sync_engine = _create_engine(url, **kw)
                  ^^^^^^^^^^^^^^^^^^^^^^^^^
<sqlalchemy generated warned() wrapper for sqlalchemy.engine.create.create_engine>:2: in create_engine
    return target(fn, url, **kwargs)
           ^^^^^^^^^^^^^^^^^^^^^^^^^
/usr/local/lib/python3.11/site-packages/sqlalchemy/util/deprecations.py:281: in warned
    return fn(*args, **kwargs)  # type: ignore[no-any-return]
           ^^^^^^^^^^^^^^^^^^^
/usr/local/lib/python3.11/site-packages/sqlalchemy/engine/create.py:602: in create_engine
    dbapi = dbapi_meth(**dbapi_args)
            ^^^^^^^^^^^^^^^^^^^^^^^^
_ _ _ _ _ _ _ _ _ _ _ _ _ _ _ _ _ _ _ _ _ _ _ _ _ _ _ _ _ _ _ _ _ _ _ _ _ _ _ _ 

cls = <class 'sqlalchemy.dialects.sqlite.aiosqlite.SQLiteDialect_aiosqlite'>

    @classmethod
    def import_dbapi(cls) -> AsyncAdapt_aiosqlite_dbapi:
        return AsyncAdapt_aiosqlite_dbapi(
>           __import__("aiosqlite"), __import__("sqlite3")
            ^^^^^^^^^^^^^^^^^^^^^^^
        )
E       ModuleNotFoundError: No module named 'aiosqlite'

/usr/local/lib/python3.11/site-packages/sqlalchemy/dialects/sqlite/aiosqlite.py:328: ModuleNotFoundError
_ ERROR at setup of TestMetersEqualRowCounts.test_tokens_and_cost_sum_the_rows _

    @pytest_asyncio.fixture
    async def session_factory():
>       engine = create_async_engine("sqlite+aiosqlite:///:memory:")
                 ^^^^^^^^^^^^^^^^^^^^^^^^^^^^^^^^^^^^^^^^^^^^^^^^^^^

tests/test_usage_metering.py:82: 
_ _ _ _ _ _ _ _ _ _ _ _ _ _ _ _ _ _ _ _ _ _ _ _ _ _ _ _ _ _ _ _ _ _ _ _ _ _ _ _ 
/usr/local/lib/python3.11/site-packages/sqlalchemy/ext/asyncio/engine.py:126: in create_async_engine
    sync_engine = _create_engine(url, **kw)
                  ^^^^^^^^^^^^^^^^^^^^^^^^^
<sqlalchemy generated warned() wrapper for sqlalchemy.engine.create.create_engine>:2: in create_engine
    return target(fn, url, **kwargs)
           ^^^^^^^^^^^^^^^^^^^^^^^^^
/usr/local/lib/python3.11/site-packages/sqlalchemy/util/deprecations.py:281: in warned
    return fn(*args, **kwargs)  # type: ignore[no-any-return]
           ^^^^^^^^^^^^^^^^^^^
/usr/local/lib/python3.11/site-packages/sqlalchemy/engine/create.py:602: in create_engine
    dbapi = dbapi_meth(**dbapi_args)
            ^^^^^^^^^^^^^^^^^^^^^^^^
_ _ _ _ _ _ _ _ _ _ _ _ _ _ _ _ _ _ _ _ _ _ _ _ _ _ _ _ _ _ _ _ _ _ _ _ _ _ _ _ 

cls = <class 'sqlalchemy.dialects.sqlite.aiosqlite.SQLiteDialect_aiosqlite'>

    @classmethod
    def import_dbapi(cls) -> AsyncAdapt_aiosqlite_dbapi:
        return AsyncAdapt_aiosqlite_dbapi(
>           __import__("aiosqlite"), __import__("sqlite3")
            ^^^^^^^^^^^^^^^^^^^^^^^
        )
E       ModuleNotFoundError: No module named 'aiosqlite'

/usr/local/lib/python3.11/site-packages/sqlalchemy/dialects/sqlite/aiosqlite.py:328: ModuleNotFoundError
_ ERROR at setup of TestMetersEqualRowCounts.test_actions_split_executed_from_the_rest _

    @pytest_asyncio.fixture
    async def session_factory():
>       engine = create_async_engine("sqlite+aiosqlite:///:memory:")
                 ^^^^^^^^^^^^^^^^^^^^^^^^^^^^^^^^^^^^^^^^^^^^^^^^^^^

tests/test_usage_metering.py:82: 
_ _ _ _ _ _ _ _ _ _ _ _ _ _ _ _ _ _ _ _ _ _ _ _ _ _ _ _ _ _ _ _ _ _ _ _ _ _ _ _ 
/usr/local/lib/python3.11/site-packages/sqlalchemy/ext/asyncio/engine.py:126: in create_async_engine
    sync_engine = _create_engine(url, **kw)
                  ^^^^^^^^^^^^^^^^^^^^^^^^^
<sqlalchemy generated warned() wrapper for sqlalchemy.engine.create.create_engine>:2: in create_engine
    return target(fn, url, **kwargs)
           ^^^^^^^^^^^^^^^^^^^^^^^^^
/usr/local/lib/python3.11/site-packages/sqlalchemy/util/deprecations.py:281: in warned
    return fn(*args, **kwargs)  # type: ignore[no-any-return]
           ^^^^^^^^^^^^^^^^^^^
/usr/local/lib/python3.11/site-packages/sqlalchemy/engine/create.py:602: in create_engine
    dbapi = dbapi_meth(**dbapi_args)
            ^^^^^^^^^^^^^^^^^^^^^^^^
_ _ _ _ _ _ _ _ _ _ _ _ _ _ _ _ _ _ _ _ _ _ _ _ _ _ _ _ _ _ _ _ _ _ _ _ _ _ _ _ 

cls = <class 'sqlalchemy.dialects.sqlite.aiosqlite.SQLiteDialect_aiosqlite'>

    @classmethod
    def import_dbapi(cls) -> AsyncAdapt_aiosqlite_dbapi:
        return AsyncAdapt_aiosqlite_dbapi(
>           __import__("aiosqlite"), __import__("sqlite3")
            ^^^^^^^^^^^^^^^^^^^^^^^
        )
E       ModuleNotFoundError: No module named 'aiosqlite'

/usr/local/lib/python3.11/site-packages/sqlalchemy/dialects/sqlite/aiosqlite.py:328: ModuleNotFoundError
_ ERROR at setup of TestMetersEqualRowCounts.test_seats_count_active_users_only _

    @pytest_asyncio.fixture
    async def session_factory():
>       engine = create_async_engine("sqlite+aiosqlite:///:memory:")
                 ^^^^^^^^^^^^^^^^^^^^^^^^^^^^^^^^^^^^^^^^^^^^^^^^^^^

tests/test_usage_metering.py:82: 
_ _ _ _ _ _ _ _ _ _ _ _ _ _ _ _ _ _ _ _ _ _ _ _ _ _ _ _ _ _ _ _ _ _ _ _ _ _ _ _ 
/usr/local/lib/python3.11/site-packages/sqlalchemy/ext/asyncio/engine.py:126: in create_async_engine
    sync_engine = _create_engine(url, **kw)
                  ^^^^^^^^^^^^^^^^^^^^^^^^^
<sqlalchemy generated warned() wrapper for sqlalchemy.engine.create.create_engine>:2: in create_engine
    return target(fn, url, **kwargs)
           ^^^^^^^^^^^^^^^^^^^^^^^^^
/usr/local/lib/python3.11/site-packages/sqlalchemy/util/deprecations.py:281: in warned
    return fn(*args, **kwargs)  # type: ignore[no-any-return]
           ^^^^^^^^^^^^^^^^^^^
/usr/local/lib/python3.11/site-packages/sqlalchemy/engine/create.py:602: in create_engine
    dbapi = dbapi_meth(**dbapi_args)
            ^^^^^^^^^^^^^^^^^^^^^^^^
_ _ _ _ _ _ _ _ _ _ _ _ _ _ _ _ _ _ _ _ _ _ _ _ _ _ _ _ _ _ _ _ _ _ _ _ _ _ _ _ 

cls = <class 'sqlalchemy.dialects.sqlite.aiosqlite.SQLiteDialect_aiosqlite'>

    @classmethod
    def import_dbapi(cls) -> AsyncAdapt_aiosqlite_dbapi:
        return AsyncAdapt_aiosqlite_dbapi(
>           __import__("aiosqlite"), __import__("sqlite3")
            ^^^^^^^^^^^^^^^^^^^^^^^
        )
E       ModuleNotFoundError: No module named 'aiosqlite'

/usr/local/lib/python3.11/site-packages/sqlalchemy/dialects/sqlite/aiosqlite.py:328: ModuleNotFoundError
_ ERROR at setup of TestDayBoundariesDoNotDropOrDoubleCount.test_the_daily_series_sums_to_one_query_over_the_whole_range _

    @pytest_asyncio.fixture
    async def session_factory():
>       engine = create_async_engine("sqlite+aiosqlite:///:memory:")
                 ^^^^^^^^^^^^^^^^^^^^^^^^^^^^^^^^^^^^^^^^^^^^^^^^^^^

tests/test_usage_metering.py:82: 
_ _ _ _ _ _ _ _ _ _ _ _ _ _ _ _ _ _ _ _ _ _ _ _ _ _ _ _ _ _ _ _ _ _ _ _ _ _ _ _ 
/usr/local/lib/python3.11/site-packages/sqlalchemy/ext/asyncio/engine.py:126: in create_async_engine
    sync_engine = _create_engine(url, **kw)
                  ^^^^^^^^^^^^^^^^^^^^^^^^^
<sqlalchemy generated warned() wrapper for sqlalchemy.engine.create.create_engine>:2: in create_engine
    return target(fn, url, **kwargs)
           ^^^^^^^^^^^^^^^^^^^^^^^^^
/usr/local/lib/python3.11/site-packages/sqlalchemy/util/deprecations.py:281: in warned
    return fn(*args, **kwargs)  # type: ignore[no-any-return]
           ^^^^^^^^^^^^^^^^^^^
/usr/local/lib/python3.11/site-packages/sqlalchemy/engine/create.py:602: in create_engine
    dbapi = dbapi_meth(**dbapi_args)
            ^^^^^^^^^^^^^^^^^^^^^^^^
_ _ _ _ _ _ _ _ _ _ _ _ _ _ _ _ _ _ _ _ _ _ _ _ _ _ _ _ _ _ _ _ _ _ _ _ _ _ _ _ 

cls = <class 'sqlalchemy.dialects.sqlite.aiosqlite.SQLiteDialect_aiosqlite'>

    @classmethod
    def import_dbapi(cls) -> AsyncAdapt_aiosqlite_dbapi:
        return AsyncAdapt_aiosqlite_dbapi(
>           __import__("aiosqlite"), __import__("sqlite3")
            ^^^^^^^^^^^^^^^^^^^^^^^
        )
E       ModuleNotFoundError: No module named 'aiosqlite'

/usr/local/lib/python3.11/site-packages/sqlalchemy/dialects/sqlite/aiosqlite.py:328: ModuleNotFoundError
_ ERROR at setup of TestDayBoundariesDoNotDropOrDoubleCount.test_a_row_at_exactly_midnight_is_counted_once _

    @pytest_asyncio.fixture
    async def session_factory():
>       engine = create_async_engine("sqlite+aiosqlite:///:memory:")
                 ^^^^^^^^^^^^^^^^^^^^^^^^^^^^^^^^^^^^^^^^^^^^^^^^^^^

tests/test_usage_metering.py:82: 
_ _ _ _ _ _ _ _ _ _ _ _ _ _ _ _ _ _ _ _ _ _ _ _ _ _ _ _ _ _ _ _ _ _ _ _ _ _ _ _ 
/usr/local/lib/python3.11/site-packages/sqlalchemy/ext/asyncio/engine.py:126: in create_async_engine
    sync_engine = _create_engine(url, **kw)
                  ^^^^^^^^^^^^^^^^^^^^^^^^^
<sqlalchemy generated warned() wrapper for sqlalchemy.engine.create.create_engine>:2: in create_engine
    return target(fn, url, **kwargs)
           ^^^^^^^^^^^^^^^^^^^^^^^^^
/usr/local/lib/python3.11/site-packages/sqlalchemy/util/deprecations.py:281: in warned
    return fn(*args, **kwargs)  # type: ignore[no-any-return]
           ^^^^^^^^^^^^^^^^^^^
/usr/local/lib/python3.11/site-packages/sqlalchemy/engine/create.py:602: in create_engine
    dbapi = dbapi_meth(**dbapi_args)
            ^^^^^^^^^^^^^^^^^^^^^^^^
_ _ _ _ _ _ _ _ _ _ _ _ _ _ _ _ _ _ _ _ _ _ _ _ _ _ _ _ _ _ _ _ _ _ _ _ _ _ _ _ 

cls = <class 'sqlalchemy.dialects.sqlite.aiosqlite.SQLiteDialect_aiosqlite'>

    @classmethod
    def import_dbapi(cls) -> AsyncAdapt_aiosqlite_dbapi:
        return AsyncAdapt_aiosqlite_dbapi(
>           __import__("aiosqlite"), __import__("sqlite3")
            ^^^^^^^^^^^^^^^^^^^^^^^
        )
E       ModuleNotFoundError: No module named 'aiosqlite'

/usr/local/lib/python3.11/site-packages/sqlalchemy/dialects/sqlite/aiosqlite.py:328: ModuleNotFoundError
_ ERROR at setup of TestDayBoundariesDoNotDropOrDoubleCount.test_an_empty_day_reports_zero_rather_than_being_absent _

    @pytest_asyncio.fixture
    async def session_factory():
>       engine = create_async_engine("sqlite+aiosqlite:///:memory:")
                 ^^^^^^^^^^^^^^^^^^^^^^^^^^^^^^^^^^^^^^^^^^^^^^^^^^^

tests/test_usage_metering.py:82: 
_ _ _ _ _ _ _ _ _ _ _ _ _ _ _ _ _ _ _ _ _ _ _ _ _ _ _ _ _ _ _ _ _ _ _ _ _ _ _ _ 
/usr/local/lib/python3.11/site-packages/sqlalchemy/ext/asyncio/engine.py:126: in create_async_engine
    sync_engine = _create_engine(url, **kw)
                  ^^^^^^^^^^^^^^^^^^^^^^^^^
<sqlalchemy generated warned() wrapper for sqlalchemy.engine.create.create_engine>:2: in create_engine
    return target(fn, url, **kwargs)
           ^^^^^^^^^^^^^^^^^^^^^^^^^
/usr/local/lib/python3.11/site-packages/sqlalchemy/util/deprecations.py:281: in warned
    return fn(*args, **kwargs)  # type: ignore[no-any-return]
           ^^^^^^^^^^^^^^^^^^^
/usr/local/lib/python3.11/site-packages/sqlalchemy/engine/create.py:602: in create_engine
    dbapi = dbapi_meth(**dbapi_args)
            ^^^^^^^^^^^^^^^^^^^^^^^^
_ _ _ _ _ _ _ _ _ _ _ _ _ _ _ _ _ _ _ _ _ _ _ _ _ _ _ _ _ _ _ _ _ _ _ _ _ _ _ _ 

cls = <class 'sqlalchemy.dialects.sqlite.aiosqlite.SQLiteDialect_aiosqlite'>

    @classmethod
    def import_dbapi(cls) -> AsyncAdapt_aiosqlite_dbapi:
        return AsyncAdapt_aiosqlite_dbapi(
>           __import__("aiosqlite"), __import__("sqlite3")
            ^^^^^^^^^^^^^^^^^^^^^^^
        )
E       ModuleNotFoundError: No module named 'aiosqlite'

/usr/local/lib/python3.11/site-packages/sqlalchemy/dialects/sqlite/aiosqlite.py:328: ModuleNotFoundError
_ ERROR at setup of TestCsvExport.test_the_csv_carries_totals_that_match_the_rows _

    @pytest_asyncio.fixture
    async def session_factory():
>       engine = create_async_engine("sqlite+aiosqlite:///:memory:")
                 ^^^^^^^^^^^^^^^^^^^^^^^^^^^^^^^^^^^^^^^^^^^^^^^^^^^

tests/test_usage_metering.py:82: 
_ _ _ _ _ _ _ _ _ _ _ _ _ _ _ _ _ _ _ _ _ _ _ _ _ _ _ _ _ _ _ _ _ _ _ _ _ _ _ _ 
/usr/local/lib/python3.11/site-packages/sqlalchemy/ext/asyncio/engine.py:126: in create_async_engine
    sync_engine = _create_engine(url, **kw)
                  ^^^^^^^^^^^^^^^^^^^^^^^^^
<sqlalchemy generated warned() wrapper for sqlalchemy.engine.create.create_engine>:2: in create_engine
    return target(fn, url, **kwargs)
           ^^^^^^^^^^^^^^^^^^^^^^^^^
/usr/local/lib/python3.11/site-packages/sqlalchemy/util/deprecations.py:281: in warned
    return fn(*args, **kwargs)  # type: ignore[no-any-return]
           ^^^^^^^^^^^^^^^^^^^
/usr/local/lib/python3.11/site-packages/sqlalchemy/engine/create.py:602: in create_engine
    dbapi = dbapi_meth(**dbapi_args)
            ^^^^^^^^^^^^^^^^^^^^^^^^
_ _ _ _ _ _ _ _ _ _ _ _ _ _ _ _ _ _ _ _ _ _ _ _ _ _ _ _ _ _ _ _ _ _ _ _ _ _ _ _ 

cls = <class 'sqlalchemy.dialects.sqlite.aiosqlite.SQLiteDialect_aiosqlite'>

    @classmethod
    def import_dbapi(cls) -> AsyncAdapt_aiosqlite_dbapi:
        return AsyncAdapt_aiosqlite_dbapi(
>           __import__("aiosqlite"), __import__("sqlite3")
            ^^^^^^^^^^^^^^^^^^^^^^^
        )
E       ModuleNotFoundError: No module named 'aiosqlite'

/usr/local/lib/python3.11/site-packages/sqlalchemy/dialects/sqlite/aiosqlite.py:328: ModuleNotFoundError
___ ERROR at setup of TestCsvExport.test_the_csv_names_what_was_not_measured ___

    @pytest_asyncio.fixture
    async def session_factory():
>       engine = create_async_engine("sqlite+aiosqlite:///:memory:")
                 ^^^^^^^^^^^^^^^^^^^^^^^^^^^^^^^^^^^^^^^^^^^^^^^^^^^

tests/test_usage_metering.py:82: 
_ _ _ _ _ _ _ _ _ _ _ _ _ _ _ _ _ _ _ _ _ _ _ _ _ _ _ _ _ _ _ _ _ _ _ _ _ _ _ _ 
/usr/local/lib/python3.11/site-packages/sqlalchemy/ext/asyncio/engine.py:126: in create_async_engine
    sync_engine = _create_engine(url, **kw)
                  ^^^^^^^^^^^^^^^^^^^^^^^^^
<sqlalchemy generated warned() wrapper for sqlalchemy.engine.create.create_engine>:2: in create_engine
    return target(fn, url, **kwargs)
           ^^^^^^^^^^^^^^^^^^^^^^^^^
/usr/local/lib/python3.11/site-packages/sqlalchemy/util/deprecations.py:281: in warned
    return fn(*args, **kwargs)  # type: ignore[no-any-return]
           ^^^^^^^^^^^^^^^^^^^
/usr/local/lib/python3.11/site-packages/sqlalchemy/engine/create.py:602: in create_engine
    dbapi = dbapi_meth(**dbapi_args)
            ^^^^^^^^^^^^^^^^^^^^^^^^
_ _ _ _ _ _ _ _ _ _ _ _ _ _ _ _ _ _ _ _ _ _ _ _ _ _ _ _ _ _ _ _ _ _ _ _ _ _ _ _ 

cls = <class 'sqlalchemy.dialects.sqlite.aiosqlite.SQLiteDialect_aiosqlite'>

    @classmethod
    def import_dbapi(cls) -> AsyncAdapt_aiosqlite_dbapi:
        return AsyncAdapt_aiosqlite_dbapi(
>           __import__("aiosqlite"), __import__("sqlite3")
            ^^^^^^^^^^^^^^^^^^^^^^^
        )
E       ModuleNotFoundError: No module named 'aiosqlite'

/usr/local/lib/python3.11/site-packages/sqlalchemy/dialects/sqlite/aiosqlite.py:328: ModuleNotFoundError
_ ERROR at setup of TestTheRouteAnswers.test_entitlements_reflect_the_tenant_override_not_the_plan_default _

    @pytest_asyncio.fixture
    async def session_factory():
>       engine = create_async_engine("sqlite+aiosqlite:///:memory:")
                 ^^^^^^^^^^^^^^^^^^^^^^^^^^^^^^^^^^^^^^^^^^^^^^^^^^^

tests/test_usage_metering.py:82: 
_ _ _ _ _ _ _ _ _ _ _ _ _ _ _ _ _ _ _ _ _ _ _ _ _ _ _ _ _ _ _ _ _ _ _ _ _ _ _ _ 
/usr/local/lib/python3.11/site-packages/sqlalchemy/ext/asyncio/engine.py:126: in create_async_engine
    sync_engine = _create_engine(url, **kw)
                  ^^^^^^^^^^^^^^^^^^^^^^^^^
<sqlalchemy generated warned() wrapper for sqlalchemy.engine.create.create_engine>:2: in create_engine
    return target(fn, url, **kwargs)
           ^^^^^^^^^^^^^^^^^^^^^^^^^
/usr/local/lib/python3.11/site-packages/sqlalchemy/util/deprecations.py:281: in warned
    return fn(*args, **kwargs)  # type: ignore[no-any-return]
           ^^^^^^^^^^^^^^^^^^^
/usr/local/lib/python3.11/site-packages/sqlalchemy/engine/create.py:602: in create_engine
    dbapi = dbapi_meth(**dbapi_args)
            ^^^^^^^^^^^^^^^^^^^^^^^^
_ _ _ _ _ _ _ _ _ _ _ _ _ _ _ _ _ _ _ _ _ _ _ _ _ _ _ _ _ _ _ _ _ _ _ _ _ _ _ _ 

cls = <class 'sqlalchemy.dialects.sqlite.aiosqlite.SQLiteDialect_aiosqlite'>

    @classmethod
    def import_dbapi(cls) -> AsyncAdapt_aiosqlite_dbapi:
        return AsyncAdapt_aiosqlite_dbapi(
>           __import__("aiosqlite"), __import__("sqlite3")
            ^^^^^^^^^^^^^^^^^^^^^^^
        )
E       ModuleNotFoundError: No module named 'aiosqlite'

/usr/local/lib/python3.11/site-packages/sqlalchemy/dialects/sqlite/aiosqlite.py:328: ModuleNotFoundError
=================================== FAILURES ===================================
_ TestTheKeyMatchesTheAgentsWorker.test_the_vendored_fingerprint_is_byte_identical_to_the_source _

self = <test_human_priors.TestTheKeyMatchesTheAgentsWorker object at 0x7dae9590c690>

    def test_the_vendored_fingerprint_is_byte_identical_to_the_source(self) -> None:
        """Enforced here as well as in CI, because this is the property the
        whole mechanism rests on."""
        result = subprocess.run(  # noqa: S603
            [sys.executable, "scripts/sync_vendored_fingerprint.py", "--check"],
            cwd=REPO_ROOT,
            capture_output=True,
            text=True,
        )
>       assert result.returncode == 0, result.stdout + result.stderr
E       AssertionError: Traceback (most recent call last):
E           File "/work/scripts/sync_vendored_fingerprint.py", line 40, in <module>
E             REPO_ROOT = repo_root()
E                         ^^^^^^^^^^^
E           File "/work/scripts/gate_toolkit.py", line 103, in repo_root
E             out = subprocess.run(  # noqa: S603 - fixed argv, no shell
E                   ^^^^^^^^^^^^^^^^^^^^^^^^^^^^^^^^^^^^^^^^^^^^^^^^^^^^
E           File "/usr/local/lib/python3.11/subprocess.py", line 548, in run
E             with Popen(*popenargs, **kwargs) as process:
E                  ^^^^^^^^^^^^^^^^^^^^^^^^^^^
E           File "/usr/local/lib/python3.11/subprocess.py", line 1026, in __init__
E             self._execute_child(args, executable, preexec_fn, close_fds,
E           File "/usr/local/lib/python3.11/subprocess.py", line 1955, in _execute_child
E             raise child_exception_type(errno_num, err_msg, err_filename)
E         FileNotFoundError: [Errno 2] No such file or directory: 'git'
E         
E       assert 1 == 0
E        +  where 1 = CompletedProcess(args=['/usr/local/bin/python', 'scripts/sync_vendored_fingerprint.py', '--check'], returncode=1, stdo...d_exception_type(errno_num, err_msg, err_filename)\nFileNotFoundError: [Errno 2] No such file or directory: \'git\'\n').returncode

tests/test_human_priors.py:49: AssertionError
=============================== warnings summary ===============================
../../../usr/local/lib/python3.11/site-packages/fastapi/testclient.py:1
  /usr/local/lib/python3.11/site-packages/fastapi/testclient.py:1: StarletteDeprecationWarning: Using `httpx` with `starlette.testclient` is deprecated; install `httpx2` instead.
    from starlette.testclient import TestClient as TestClient  # noqa

tests/api/v1/endpoints/test_alerts_submit.py: 11 warnings
  /work/services/api/app/api/v1/endpoints/alerts.py:436: SADeprecationWarning: The ``noload`` loader strategy is deprecated and will be removed in a future release.  This option produces incorrect results by returning ``None`` for related items. (deprecated since: 2.1) (This warning originated from the `configure_mappers()` process, which was invoked automatically in response to a user-initiated operation.)
    return Alert(

tests/api/v1/endpoints/test_realtime_ticket.py::test_missing_secret_in_prod_warns
  /work/services/api/tests/api/v1/endpoints/test_realtime_ticket.py:107: RuntimeWarning: DATABASE_URL sets no sslmode, which libpq reads as 'prefer': TLS when the server offers it and cleartext when it does not, with no way to tell which happened. Set sslmode explicitly.
    msgs = warn_if_insecure_defaults(s)

tests/api/v1/endpoints/test_realtime_ticket.py::test_missing_secret_in_prod_warns
  /work/services/api/tests/api/v1/endpoints/test_realtime_ticket.py:107: RuntimeWarning: SECRET_KEY is set to a known insecure placeholder; rotate before exposing this instance to the network.
    msgs = warn_if_insecure_defaults(s)

tests/api/v1/endpoints/test_realtime_ticket.py::test_missing_secret_in_prod_warns
  /work/services/api/tests/api/v1/endpoints/test_realtime_ticket.py:107: RuntimeWarning: METRICS_TOKEN is empty in a non-development environment — /metrics is currently unauthenticated.
    msgs = warn_if_insecure_defaults(s)

tests/api/v1/endpoints/test_realtime_ticket.py::test_missing_secret_in_prod_warns
  /work/services/api/tests/api/v1/endpoints/test_realtime_ticket.py:107: RuntimeWarning: AISOC_CREDENTIAL_KEY is empty in a non-development environment — connector credentials cannot be encrypted at rest.
    msgs = warn_if_insecure_defaults(s)

tests/api/v1/endpoints/test_realtime_ticket.py::test_missing_secret_in_prod_warns
  /work/services/api/tests/api/v1/endpoints/test_realtime_ticket.py:107: RuntimeWarning: JWT_SECRET is empty or set to the well-known placeholder — SAML/OIDC session token issuance will fail closed until you wire a real secret.
    msgs = warn_if_insecure_defaults(s)

tests/api/v1/endpoints/test_realtime_ticket.py::test_missing_secret_in_prod_warns
  /work/services/api/tests/api/v1/endpoints/test_realtime_ticket.py:107: RuntimeWarning: REALTIME_INTERNAL_TOKEN is empty in a non-development environment — agent → realtime events are unauthenticated.
    msgs = warn_if_insecure_defaults(s)

tests/api/v1/endpoints/test_realtime_ticket.py::test_missing_secret_in_prod_warns
  /work/services/api/tests/api/v1/endpoints/test_realtime_ticket.py:107: RuntimeWarning: AISOC_REALTIME_JWT_SECRET is empty or set to a known insecure placeholder — realtime WS/SSE ticket issuance will fail closed (503) and browser realtime connections will be rejected until you wire a real secret.
    msgs = warn_if_insecure_defaults(s)

tests/api/v1/endpoints/test_realtime_ticket.py::test_configured_secret_in_prod_does_not_warn
  /work/services/api/tests/api/v1/endpoints/test_realtime_ticket.py:113: RuntimeWarning: DATABASE_URL sets no sslmode, which libpq reads as 'prefer': TLS when the server offers it and cleartext when it does not, with no way to tell which happened. Set sslmode explicitly.
    msgs = warn_if_insecure_defaults(s)

tests/api/v1/endpoints/test_realtime_ticket.py::test_configured_secret_in_prod_does_not_warn
  /work/services/api/tests/api/v1/endpoints/test_realtime_ticket.py:113: RuntimeWarning: SECRET_KEY is set to a known insecure placeholder; rotate before exposing this instance to the network.
    msgs = warn_if_insecure_defaults(s)

tests/api/v1/endpoints/test_realtime_ticket.py::test_configured_secret_in_prod_does_not_warn
  /work/services/api/tests/api/v1/endpoints/test_realtime_ticket.py:113: RuntimeWarning: METRICS_TOKEN is empty in a non-development environment — /metrics is currently unauthenticated.
    msgs = warn_if_insecure_defaults(s)

tests/api/v1/endpoints/test_realtime_ticket.py::test_configured_secret_in_prod_does_not_warn
  /work/services/api/tests/api/v1/endpoints/test_realtime_ticket.py:113: RuntimeWarning: AISOC_CREDENTIAL_KEY is empty in a non-development environment — connector credentials cannot be encrypted at rest.
    msgs = warn_if_insecure_defaults(s)

tests/api/v1/endpoints/test_realtime_ticket.py::test_configured_secret_in_prod_does_not_warn
  /work/services/api/tests/api/v1/endpoints/test_realtime_ticket.py:113: RuntimeWarning: JWT_SECRET is empty or set to the well-known placeholder — SAML/OIDC session token issuance will fail closed until you wire a real secret.
    msgs = warn_if_insecure_defaults(s)

tests/api/v1/endpoints/test_realtime_ticket.py::test_configured_secret_in_prod_does_not_warn
  /work/services/api/tests/api/v1/endpoints/test_realtime_ticket.py:113: RuntimeWarning: REALTIME_INTERNAL_TOKEN is empty in a non-development environment — agent → realtime events are unauthenticated.
    msgs = warn_if_insecure_defaults(s)

tests/api/v1/endpoints/test_realtime_ticket.py::test_missing_secret_in_dev_does_not_warn
  /work/services/api/tests/api/v1/endpoints/test_realtime_ticket.py:120: RuntimeWarning: DATABASE_URL sets no sslmode, which libpq reads as 'prefer': TLS when the server offers it and cleartext when it does not, with no way to tell which happened. Set sslmode explicitly.
    msgs = warn_if_insecure_defaults(s)

tests/api/v1/endpoints/test_realtime_ticket.py::test_missing_secret_in_dev_does_not_warn
  /work/services/api/tests/api/v1/endpoints/test_realtime_ticket.py:120: RuntimeWarning: SECRET_KEY is set to a known insecure placeholder; rotate before exposing this instance to the network.
    msgs = warn_if_insecure_defaults(s)

tests/test_ai_detection_builder.py: 4 warnings
tests/test_detection_eval.py: 10 warnings
tests/test_sigma_backend_matching.py: 8 warnings
  /usr/local/lib/python3.11/site-packages/sigma/conditions.py:271: PyparsingDeprecationWarning: 'parseString' deprecated - use 'parse_string'
    parsed = condition.parseString(self.condition, parse_all=True)[0]

tests/test_autonomy_grant_revocation.py::test_a_scope_outside_the_vocabulary_is_refused
tests/test_hunt_plan_sql.py::test_a_refused_clause_is_a_422_with_the_reason
tests/test_misp_push.py::TestMispDryRunEndpoint::test_untranslatable_indicator_422s
  /usr/local/lib/python3.11/site-packages/fastapi/routing.py:352: StarletteDeprecationWarning: 'HTTP_422_UNPROCESSABLE_ENTITY' is deprecated. Use 'HTTP_422_UNPROCESSABLE_CONTENT' instead.
    return await dependant.call(**values)

tests/test_business_context.py::TestEndpoints::test_post_replace_with_invalid_yaml_returns_422
tests/test_business_context.py::TestEndpoints::test_put_rejects_id_mismatch
tests/test_business_context.py::TestEndpoints::test_preview_invalid_yaml_returns_422
tests/test_saved_hunts_endpoint.py::test_create_saved_hunt_blank_name_returns_422
  /usr/local/lib/python3.11/asyncio/events.py:84: StarletteDeprecationWarning: 'HTTP_422_UNPROCESSABLE_ENTITY' is deprecated. Use 'HTTP_422_UNPROCESSABLE_CONTENT' instead.
    self._context.run(self._callback, *self._args)

tests/test_case_reopen.py::TestItRefusesWhatItShould::test_a_reason_is_required
  tests/test_case_reopen.py:257: PytestWarning: The test <Function test_a_reason_is_required> is marked with '@pytest.mark.asyncio' but it is not an async function. Please remove the asyncio mark. If the test is not marked explicitly, check for global marks applied via 'pytestmark'.
    def test_a_reason_is_required(self) -> None:

tests/test_connectors_endpoint.py::test_validate_connector_type_rejects_unknown
  /work/services/api/tests/test_connectors_endpoint.py:171: StarletteDeprecationWarning: 'HTTP_422_UNPROCESSABLE_ENTITY' is deprecated. Use 'HTTP_422_UNPROCESSABLE_CONTENT' instead.
    await _validate_connector_type("not_a_real_connector", _TENANT)

tests/test_connectors_endpoint.py::test_unknown_type_is_422_when_the_bundle_is_authoritative
  /work/services/api/tests/test_connectors_endpoint.py:275: StarletteDeprecationWarning: 'HTTP_422_UNPROCESSABLE_ENTITY' is deprecated. Use 'HTTP_422_UNPROCESSABLE_CONTENT' instead.
    await _validate_connector_type("not_a_real_connector", _TENANT)

tests/test_connectors_endpoint.py::test_proxy_test_connection_passthrough_success
  /work/services/api/tests/test_connectors_endpoint.py:304: StarletteDeprecationWarning: 'HTTP_422_UNPROCESSABLE_ENTITY' is deprecated. Use 'HTTP_422_UNPROCESSABLE_CONTENT' instead.
    result = await _proxy_test_connection("splunk", {"token": "x"}, {"host": "y"}, _TENANT)

tests/test_connectors_endpoint.py::test_proxy_test_connection_passthrough_connector_failure
  /work/services/api/tests/test_connectors_endpoint.py:314: StarletteDeprecationWarning: 'HTTP_422_UNPROCESSABLE_ENTITY' is deprecated. Use 'HTTP_422_UNPROCESSABLE_CONTENT' instead.
    result = await _proxy_test_connection("splunk", {"token": "bad"}, {}, _TENANT)

tests/test_connectors_endpoint.py::test_proxy_test_connection_422_passes_detail
  /work/services/api/tests/test_connectors_endpoint.py:327: StarletteDeprecationWarning: 'HTTP_422_UNPROCESSABLE_ENTITY' is deprecated. Use 'HTTP_422_UNPROCESSABLE_CONTENT' instead.
    await _proxy_test_connection("azure_entra", {}, {}, _TENANT)

tests/test_connectors_endpoint.py::test_proxy_test_connection_5xx_becomes_502
  /work/services/api/tests/test_connectors_endpoint.py:353: StarletteDeprecationWarning: 'HTTP_422_UNPROCESSABLE_ENTITY' is deprecated. Use 'HTTP_422_UNPROCESSABLE_CONTENT' instead.
    await _proxy_test_connection("splunk", {}, {}, _TENANT)

tests/test_connectors_endpoint.py::test_proxy_test_connection_non_dict_body_normalised
  /work/services/api/tests/test_connectors_endpoint.py:379: StarletteDeprecationWarning: 'HTTP_422_UNPROCESSABLE_ENTITY' is deprecated. Use 'HTTP_422_UNPROCESSABLE_CONTENT' instead.
    result = await _proxy_test_connection("splunk", {}, {}, _TENANT)

tests/test_connectors_endpoint.py::test_proxy_test_connection_sends_the_service_credential
  /work/services/api/tests/test_connectors_endpoint.py:415: StarletteDeprecationWarning: 'HTTP_422_UNPROCESSABLE_ENTITY' is deprecated. Use 'HTTP_422_UNPROCESSABLE_CONTENT' instead.
    await _proxy_test_connection("splunk", {"token": "x"}, {}, _TENANT)

tests/test_connectors_endpoint.py::test_an_unhandled_4xx_does_not_fall_through_as_a_verdict
  /work/services/api/tests/test_connectors_endpoint.py:451: StarletteDeprecationWarning: 'HTTP_422_UNPROCESSABLE_ENTITY' is deprecated. Use 'HTTP_422_UNPROCESSABLE_CONTENT' instead.
    await _proxy_test_connection("splunk", {}, {}, _TENANT)

tests/test_connectors_endpoint.py::test_a_200_with_no_verdict_is_not_a_pass
  /work/services/api/tests/test_connectors_endpoint.py:465: StarletteDeprecationWarning: 'HTTP_422_UNPROCESSABLE_ENTITY' is deprecated. Use 'HTTP_422_UNPROCESSABLE_CONTENT' instead.
    result = await _proxy_test_connection("splunk", {}, {}, _TENANT)

tests/test_hunting_route_permissions.py::TestEntitledCallersStillWork::test_a_holder_of_the_permission_is_admitted[nl_query.execute_query]
tests/test_hunts_tenant_isolation.py::test_list_hunts_with_filters_keeps_tenant_scope
  /usr/local/lib/python3.11/unittest/mock.py:2133: RuntimeWarning: coroutine 'AsyncMockMixin._execute_mock_call' was never awaited
    setattr(_type, entry, MagicProxy(entry, self))
  Enable tracemalloc to get traceback where the object was allocated.
  See https://docs.pytest.org/en/stable/how-to/capture-warnings.html#resource-warnings for more info.

tests/test_hunting_route_permissions.py::TestEntitledCallersStillWork::test_every_hunting_role_may_run_a_saved_hunt[threat_hunter]
  /usr/local/lib/python3.11/site-packages/pydantic/_internal/_known_annotated_metadata.py:131: RuntimeWarning: coroutine 'AsyncMockMixin._execute_mock_call' was never awaited
    if isinstance(annotation, at.GroupedMetadata):
  Enable tracemalloc to get traceback where the object was allocated.
  See https://docs.pytest.org/en/stable/how-to/capture-warnings.html#resource-warnings for more info.

tests/test_inbox_itsm_endpoint.py::test_fetch_token_and_connector_unsupported_vendor_raises_422
  /work/services/api/tests/test_inbox_itsm_endpoint.py:490: StarletteDeprecationWarning: 'HTTP_422_UNPROCESSABLE_ENTITY' is deprecated. Use 'HTTP_422_UNPROCESSABLE_CONTENT' instead.
    await _fetch_token_and_connector(db, tenant_token="tok-xyz", connector_instance_id=connector_row.id)

tests/test_inventory_route_permissions.py::TestUnentitledCallersAreRefused::test_every_role_without_the_permission_is_refused[identity_graph.create_node]
  /usr/local/lib/python3.11/inspect.py:2481: RuntimeWarning: coroutine 'AsyncMockMixin._execute_mock_call' was never awaited
    sig = obj.__signature__
  Enable tracemalloc to get traceback where the object was allocated.
  See https://docs.pytest.org/en/stable/how-to/capture-warnings.html#resource-warnings for more info.

tests/test_llm_credentials_endpoint.py::test_enforce_invariants_requires_base_url_for_local_and_custom[local-ollama]
tests/test_llm_credentials_endpoint.py::test_enforce_invariants_requires_base_url_for_local_and_custom[local-vllm]
tests/test_llm_credentials_endpoint.py::test_enforce_invariants_requires_base_url_for_local_and_custom[local-litellm]
tests/test_llm_credentials_endpoint.py::test_enforce_invariants_requires_base_url_for_local_and_custom[custom]
  /work/services/api/tests/test_llm_credentials_endpoint.py:327: StarletteDeprecationWarning: 'HTTP_422_UNPROCESSABLE_ENTITY' is deprecated. Use 'HTTP_422_UNPROCESSABLE_CONTENT' instead.
    _enforce_provider_invariants(payload, existing=None)

tests/test_llm_credentials_endpoint.py::test_enforce_invariants_requires_api_key_for_hosted_when_no_existing[openai]
tests/test_llm_credentials_endpoint.py::test_enforce_invariants_requires_api_key_for_hosted_when_no_existing[anthropic]
tests/test_llm_credentials_endpoint.py::test_enforce_invariants_requires_api_key_for_hosted_when_no_existing[azure-openai]
  /work/services/api/tests/test_llm_credentials_endpoint.py:343: StarletteDeprecationWarning: 'HTTP_422_UNPROCESSABLE_ENTITY' is deprecated. Use 'HTTP_422_UNPROCESSABLE_CONTENT' instead.
    _enforce_provider_invariants(payload, existing=None)

tests/test_llm_credentials_endpoint.py::test_put_validation_blocks_local_provider_without_base_url
tests/test_llm_credentials_endpoint.py::test_put_validation_blocks_first_openai_write_without_api_key
  /work/services/api/app/api/v1/endpoints/llm_credentials.py:279: StarletteDeprecationWarning: 'HTTP_422_UNPROCESSABLE_ENTITY' is deprecated. Use 'HTTP_422_UNPROCESSABLE_CONTENT' instead.
    _enforce_provider_invariants(payload, existing=existing)

tests/test_mssp_cross_tenant_authz.py::TestOnboardingRequiresConsent::test_a_tenant_cannot_adopt_itself
  /work/services/api/tests/test_mssp_cross_tenant_authz.py:262: StarletteDeprecationWarning: 'HTTP_422_UNPROCESSABLE_ENTITY' is deprecated. Use 'HTTP_422_UNPROCESSABLE_CONTENT' instead.
    await onboard_child_tenant(child_id=PARENT, db=db, current_user=_user())

tests/test_retro_hunt_can_be_turned_on.py::TestTheTenantHalf::test_a_tenant_can_read_its_retro_hunt_settings
  /usr/local/lib/python3.11/site-packages/_pytest/fixtures.py:1313: PytestRemovedIn10Warning: Class-scoped fixture defined as instance method is deprecated.
  Instance attributes set in this fixture will NOT be visible to test methods,
  as each test gets a new instance while the fixture runs only once per class.
  Use @classmethod decorator and set attributes on cls instead.
  See https://docs.pytest.org/en/stable/deprecations.html#class-scoped-fixture-as-instance-method
    fixturefunc = resolve_fixture_function(fixturedef, request)

tests/test_role_grant_scope.py::TestCreateUser::test_an_unknown_role_is_refused_rather_than_stored
  /work/services/api/app/api/v1/endpoints/tenants.py:231: StarletteDeprecationWarning: 'HTTP_422_UNPROCESSABLE_ENTITY' is deprecated. Use 'HTTP_422_UNPROCESSABLE_CONTENT' instead.
    raise _refuse(exc) from exc

tests/test_saved_hunts_endpoint.py::test_validate_cron_rejects_wrong_field_count[* * * *]
tests/test_saved_hunts_endpoint.py::test_validate_cron_rejects_wrong_field_count[* * * * * *]
tests/test_saved_hunts_endpoint.py::test_validate_cron_rejects_wrong_field_count[0 0 0 0]
tests/test_saved_hunts_endpoint.py::test_validate_cron_rejects_wrong_field_count[]
  /work/services/api/tests/test_saved_hunts_endpoint.py:188: StarletteDeprecationWarning: 'HTTP_422_UNPROCESSABLE_ENTITY' is deprecated. Use 'HTTP_422_UNPROCESSABLE_CONTENT' instead.
    _validate_cron(schedule)

tests/test_saved_hunts_endpoint.py::test_validate_cron_rejects_unsupported_characters
  /work/services/api/tests/test_saved_hunts_endpoint.py:199: StarletteDeprecationWarning: 'HTTP_422_UNPROCESSABLE_ENTITY' is deprecated. Use 'HTTP_422_UNPROCESSABLE_CONTENT' instead.
    _validate_cron("0 * ? * *")

tests/test_saved_hunts_endpoint.py::test_create_saved_hunt_with_invalid_schedule_422s_before_db
  /work/services/api/app/api/v1/endpoints/saved_hunts.py:373: StarletteDeprecationWarning: 'HTTP_422_UNPROCESSABLE_ENTITY' is deprecated. Use 'HTTP_422_UNPROCESSABLE_CONTENT' instead.
    schedule = _validate_cron(payload.schedule) if payload.schedule else None

tests/test_saved_views_endpoint.py::test_validate_view_type_rejects_unknown
  /work/services/api/tests/test_saved_views_endpoint.py:145: StarletteDeprecationWarning: 'HTTP_422_UNPROCESSABLE_ENTITY' is deprecated. Use 'HTTP_422_UNPROCESSABLE_CONTENT' instead.
    _validate_view_type("dashboards")  # not in the allowlist (yet)

tests/test_saved_views_endpoint.py::test_validate_view_type_is_case_sensitive
  /work/services/api/tests/test_saved_views_endpoint.py:158: StarletteDeprecationWarning: 'HTTP_422_UNPROCESSABLE_ENTITY' is deprecated. Use 'HTTP_422_UNPROCESSABLE_CONTENT' instead.
    _validate_view_type("Alerts")

tests/test_saved_views_endpoint.py::test_validate_payload_size_over_limit_raises_413
  /work/services/api/tests/test_saved_views_endpoint.py:185: StarletteDeprecationWarning: 'HTTP_413_REQUEST_ENTITY_TOO_LARGE' is deprecated. Use 'HTTP_413_CONTENT_TOO_LARGE' instead.
    _validate_payload_size(huge, field="filters", limit=8192)

tests/test_saved_views_endpoint.py::test_validate_payload_size_unserialisable_raises_422
  /work/services/api/tests/test_saved_views_endpoint.py:200: StarletteDeprecationWarning: 'HTTP_422_UNPROCESSABLE_ENTITY' is deprecated. Use 'HTTP_422_UNPROCESSABLE_CONTENT' instead.
    _validate_payload_size(not_serialisable, field="filters", limit=8192)

tests/test_saved_views_endpoint.py::test_list_saved_views_invalid_type_422_before_db_call
  /work/services/api/app/api/v1/endpoints/saved_views.py:184: StarletteDeprecationWarning: 'HTTP_422_UNPROCESSABLE_ENTITY' is deprecated. Use 'HTTP_422_UNPROCESSABLE_CONTENT' instead.
    _validate_view_type(view_type)

tests/test_saved_views_endpoint.py::test_create_saved_view_blank_name_raises_422
  /work/services/api/tests/test_saved_views_endpoint.py:494: StarletteDeprecationWarning: 'HTTP_422_UNPROCESSABLE_ENTITY' is deprecated. Use 'HTTP_422_UNPROCESSABLE_CONTENT' instead.
    await create_saved_view(payload=payload, user=user, db=db)

tests/test_saved_views_endpoint.py::test_create_saved_view_invalid_view_type_raises_422
  /work/services/api/app/api/v1/endpoints/saved_views.py:219: StarletteDeprecationWarning: 'HTTP_422_UNPROCESSABLE_ENTITY' is deprecated. Use 'HTTP_422_UNPROCESSABLE_CONTENT' instead.
    _validate_view_type(payload.view_type)

tests/test_saved_views_endpoint.py::test_update_saved_view_blank_name_after_strip_422s
  /work/services/api/tests/test_saved_views_endpoint.py:650: StarletteDeprecationWarning: 'HTTP_422_UNPROCESSABLE_ENTITY' is deprecated. Use 'HTTP_422_UNPROCESSABLE_CONTENT' instead.
    await update_saved_view(

tests/test_saved_views_endpoint.py::test_update_saved_view_filters_size_capped
  /work/services/api/app/api/v1/endpoints/saved_views.py:304: StarletteDeprecationWarning: 'HTTP_413_REQUEST_ENTITY_TOO_LARGE' is deprecated. Use 'HTTP_413_CONTENT_TOO_LARGE' instead.
    _validate_payload_size(payload.filters, field="filters", limit=_MAX_FILTERS_BYTES)

tests/test_security_defaults.py::test_enforce_raises_in_prod_with_insecure_default
tests/test_security_defaults.py::test_enforce_non_prod_insecure_does_not_raise
  /work/services/api/app/core/config.py:1134: RuntimeWarning: SECRET_KEY is set to a known insecure placeholder; rotate before exposing this instance to the network.
    msgs = warn_if_insecure_defaults(s)

tests/test_security_defaults.py::test_secret_key_placeholder_in_prod_warns
  /work/services/api/tests/test_security_defaults.py:90: RuntimeWarning: SECRET_KEY is set to a known insecure placeholder; rotate before exposing this instance to the network.
    msgs = warn_if_insecure_defaults(s)

tests/test_security_defaults.py::test_secret_key_placeholder_in_dev_still_warns
  /work/services/api/tests/test_security_defaults.py:97: RuntimeWarning: SECRET_KEY is set to a known insecure placeholder; rotate before exposing this instance to the network.
    msgs = warn_if_insecure_defaults(s)

tests/test_security_defaults.py::test_empty_metrics_token_in_prod_warns
  /work/services/api/tests/test_security_defaults.py:104: RuntimeWarning: METRICS_TOKEN is empty in a non-development environment — /metrics is currently unauthenticated.
    msgs = warn_if_insecure_defaults(s)

tests/test_security_defaults.py::test_plugin_trust_disabled_in_prod_warns
  /work/services/api/tests/test_security_defaults.py:116: RuntimeWarning: PLUGIN_TRUST_MODE=disabled outside development — plugins will load without signature verification.
    msgs = warn_if_insecure_defaults(s)

tests/test_security_defaults.py::test_empty_credential_key_in_prod_warns
  /work/services/api/tests/test_security_defaults.py:135: RuntimeWarning: AISOC_CREDENTIAL_KEY is empty in a non-development environment — connector credentials cannot be encrypted at rest.
    msgs = warn_if_insecure_defaults(s)

tests/test_security_defaults.py::test_empty_jwt_secret_in_prod_warns
  /work/services/api/tests/test_security_defaults.py:149: RuntimeWarning: JWT_SECRET is empty or set to the well-known placeholder — SAML/OIDC session token issuance will fail closed until you wire a real secret.
    msgs = warn_if_insecure_defaults(s)

tests/test_security_defaults.py::test_placeholder_jwt_secret_in_prod_warns
  /work/services/api/tests/test_security_defaults.py:156: RuntimeWarning: JWT_SECRET is empty or set to the well-known placeholder — SAML/OIDC session token issuance will fail closed until you wire a real secret.
    msgs = warn_if_insecure_defaults(s)

tests/test_security_defaults.py::test_empty_realtime_token_in_prod_warns
  /work/services/api/tests/test_security_defaults.py:170: RuntimeWarning: REALTIME_INTERNAL_TOKEN is empty in a non-development environment — agent → realtime events are unauthenticated.
    msgs = warn_if_insecure_defaults(s)

tests/test_security_defaults.py::test_empty_realtime_jwt_secret_in_prod_warns
  /work/services/api/tests/test_security_defaults.py:183: RuntimeWarning: AISOC_REALTIME_JWT_SECRET is empty or set to a known insecure placeholder — realtime WS/SSE ticket issuance will fail closed (503) and browser realtime connections will be rejected until you wire a real secret.
    msgs = warn_if_insecure_defaults(s)

tests/test_sso_provisioning.py::TestTheVerifiedEmailClaim::test_an_affirmative_claim_is_read_as_verified[True0]
  tests/test_sso_provisioning.py:238: PytestWarning: The test <Function test_an_affirmative_claim_is_read_as_verified[True0]> is marked with '@pytest.mark.asyncio' but it is not an async function. Please remove the asyncio mark. If the test is not marked explicitly, check for global marks applied via 'pytestmark'.
    @pytest.mark.parametrize("value", [True, "true", "True", "1", "yes"])

tests/test_sso_provisioning.py::TestTheVerifiedEmailClaim::test_an_affirmative_claim_is_read_as_verified[true]
  tests/test_sso_provisioning.py:238: PytestWarning: The test <Function test_an_affirmative_claim_is_read_as_verified[true]> is marked with '@pytest.mark.asyncio' but it is not an async function. Please remove the asyncio mark. If the test is not marked explicitly, check for global marks applied via 'pytestmark'.
    @pytest.mark.parametrize("value", [True, "true", "True", "1", "yes"])

tests/test_sso_provisioning.py::TestTheVerifiedEmailClaim::test_an_affirmative_claim_is_read_as_verified[True1]
  tests/test_sso_provisioning.py:238: PytestWarning: The test <Function test_an_affirmative_claim_is_read_as_verified[True1]> is marked with '@pytest.mark.asyncio' but it is not an async function. Please remove the asyncio mark. If the test is not marked explicitly, check for global marks applied via 'pytestmark'.
    @pytest.mark.parametrize("value", [True, "true", "True", "1", "yes"])

tests/test_sso_provisioning.py::TestTheVerifiedEmailClaim::test_an_affirmative_claim_is_read_as_verified[1]
  tests/test_sso_provisioning.py:238: PytestWarning: The test <Function test_an_affirmative_claim_is_read_as_verified[1]> is marked with '@pytest.mark.asyncio' but it is not an async function. Please remove the asyncio mark. If the test is not marked explicitly, check for global marks applied via 'pytestmark'.
    @pytest.mark.parametrize("value", [True, "true", "True", "1", "yes"])

tests/test_sso_provisioning.py::TestTheVerifiedEmailClaim::test_an_affirmative_claim_is_read_as_verified[yes]
  tests/test_sso_provisioning.py:238: PytestWarning: The test <Function test_an_affirmative_claim_is_read_as_verified[yes]> is marked with '@pytest.mark.asyncio' but it is not an async function. Please remove the asyncio mark. If the test is not marked explicitly, check for global marks applied via 'pytestmark'.
    @pytest.mark.parametrize("value", [True, "true", "True", "1", "yes"])

tests/test_sso_provisioning.py::TestTheVerifiedEmailClaim::test_everything_else_is_not[None]
  tests/test_sso_provisioning.py:242: PytestWarning: The test <Function test_everything_else_is_not[None]> is marked with '@pytest.mark.asyncio' but it is not an async function. Please remove the asyncio mark. If the test is not marked explicitly, check for global marks applied via 'pytestmark'.
    @pytest.mark.parametrize("value", [None, False, "false", "", "no", 0, "maybe", [], {}])

tests/test_sso_provisioning.py::TestTheVerifiedEmailClaim::test_everything_else_is_not[False]
  tests/test_sso_provisioning.py:242: PytestWarning: The test <Function test_everything_else_is_not[False]> is marked with '@pytest.mark.asyncio' but it is not an async function. Please remove the asyncio mark. If the test is not marked explicitly, check for global marks applied via 'pytestmark'.
    @pytest.mark.parametrize("value", [None, False, "false", "", "no", 0, "maybe", [], {}])

tests/test_sso_provisioning.py::TestTheVerifiedEmailClaim::test_everything_else_is_not[false]
  tests/test_sso_provisioning.py:242: PytestWarning: The test <Function test_everything_else_is_not[false]> is marked with '@pytest.mark.asyncio' but it is not an async function. Please remove the asyncio mark. If the test is not marked explicitly, check for global marks applied via 'pytestmark'.
    @pytest.mark.parametrize("value", [None, False, "false", "", "no", 0, "maybe", [], {}])

tests/test_sso_provisioning.py::TestTheVerifiedEmailClaim::test_everything_else_is_not[]
  tests/test_sso_provisioning.py:242: PytestWarning: The test <Function test_everything_else_is_not[]> is marked with '@pytest.mark.asyncio' but it is not an async function. Please remove the asyncio mark. If the test is not marked explicitly, check for global marks applied via 'pytestmark'.
    @pytest.mark.parametrize("value", [None, False, "false", "", "no", 0, "maybe", [], {}])

tests/test_sso_provisioning.py::TestTheVerifiedEmailClaim::test_everything_else_is_not[no]
  tests/test_sso_provisioning.py:242: PytestWarning: The test <Function test_everything_else_is_not[no]> is marked with '@pytest.mark.asyncio' but it is not an async function. Please remove the asyncio mark. If the test is not marked explicitly, check for global marks applied via 'pytestmark'.
    @pytest.mark.parametrize("value", [None, False, "false", "", "no", 0, "maybe", [], {}])

tests/test_sso_provisioning.py::TestTheVerifiedEmailClaim::test_everything_else_is_not[0]
  tests/test_sso_provisioning.py:242: PytestWarning: The test <Function test_everything_else_is_not[0]> is marked with '@pytest.mark.asyncio' but it is not an async function. Please remove the asyncio mark. If the test is not marked explicitly, check for global marks applied via 'pytestmark'.
    @pytest.mark.parametrize("value", [None, False, "false", "", "no", 0, "maybe", [], {}])

tests/test_sso_provisioning.py::TestTheVerifiedEmailClaim::test_everything_else_is_not[maybe]
  tests/test_sso_provisioning.py:242: PytestWarning: The test <Function test_everything_else_is_not[maybe]> is marked with '@pytest.mark.asyncio' but it is not an async function. Please remove the asyncio mark. If the test is not marked explicitly, check for global marks applied via 'pytestmark'.
    @pytest.mark.parametrize("value", [None, False, "false", "", "no", 0, "maybe", [], {}])

tests/test_sso_provisioning.py::TestTheVerifiedEmailClaim::test_everything_else_is_not[value7]
  tests/test_sso_provisioning.py:242: PytestWarning: The test <Function test_everything_else_is_not[value7]> is marked with '@pytest.mark.asyncio' but it is not an async function. Please remove the asyncio mark. If the test is not marked explicitly, check for global marks applied via 'pytestmark'.
    @pytest.mark.parametrize("value", [None, False, "false", "", "no", 0, "maybe", [], {}])

tests/test_sso_provisioning.py::TestTheVerifiedEmailClaim::test_everything_else_is_not[value8]
  tests/test_sso_provisioning.py:242: PytestWarning: The test <Function test_everything_else_is_not[value8]> is marked with '@pytest.mark.asyncio' but it is not an async function. Please remove the asyncio mark. If the test is not marked explicitly, check for global marks applied via 'pytestmark'.
    @pytest.mark.parametrize("value", [None, False, "false", "", "no", 0, "maybe", [], {}])

-- Docs: https://docs.pytest.org/en/stable/how-to/capture-warnings.html
=========================== short test summary info ============================
FAILED tests/test_human_priors.py::TestTheKeyMatchesTheAgentsWorker::test_the_vendored_fingerprint_is_byte_identical_to_the_source
ERROR tests/services/detections/test_sigma_import.py::TestImportSigmaRulesPipeline::test_inserts_new_rules
ERROR tests/services/detections/test_sigma_import.py::TestImportSigmaRulesPipeline::test_reimport_is_idempotent
ERROR tests/services/detections/test_sigma_import.py::TestImportSigmaRulesPipeline::test_update_bumps_version
ERROR tests/services/detections/test_sigma_import.py::TestImportSigmaRulesPipeline::test_partial_failure_isolation
ERROR tests/services/detections/test_sigma_import.py::TestImportSigmaRulesPipeline::test_skipped_rules_appear_in_report
ERROR tests/services/detections/test_sigma_import.py::TestImportSigmaRulesPipeline::test_report_to_dict_is_json_safe
ERROR tests/services/detections/test_sigma_import.py::TestImportSigmaRulesPipeline::test_non_list_input_raises
ERROR tests/services/detections/test_sigma_import.py::TestImportSigmaRulesPipeline::test_tenant_scoped_rules_do_not_clash
ERROR tests/test_audit_chain_survives_a_failed_write.py::TestAFailedOptionalWriteLeavesTheSessionUsable::test_a_savepoint_confines_the_failure
ERROR tests/test_audit_chain_survives_a_failed_write.py::TestAFailedOptionalWriteLeavesTheSessionUsable::test_a_successful_operation_still_commits
ERROR tests/test_audit_chain_survives_a_failed_write.py::TestAFailedOptionalWriteLeavesTheSessionUsable::test_the_context_manager_reraises
ERROR tests/test_bootstrap_admin.py::test_the_printed_credential_authenticates
ERROR tests/test_bootstrap_admin.py::test_the_administrator_lands_in_the_tenant_the_migration_seeded
ERROR tests/test_bootstrap_admin.py::test_it_creates_the_tenant_when_the_database_has_none
ERROR tests/test_bootstrap_admin.py::test_it_adopts_an_existing_tenant_rather_than_adding_a_second
ERROR tests/test_bootstrap_admin.py::test_rerunning_reports_the_account_and_changes_nothing
ERROR tests/test_bootstrap_admin.py::test_a_second_run_under_a_new_address_does_not_mint_a_second_admin
ERROR tests/test_bootstrap_admin.py::test_an_existing_address_in_another_case_is_the_same_account
ERROR tests/test_bootstrap_admin.py::test_reset_password_replaces_the_credential
ERROR tests/test_bootstrap_admin.py::test_a_deactivated_orphan_does_not_block_the_first_administrator
ERROR tests/test_branding.py::TestResolution::test_an_unmanaged_tenant_gets_the_platform_default
ERROR tests/test_branding.py::TestResolution::test_a_managed_tenant_gets_its_operators_branding
ERROR tests/test_branding.py::TestResolution::test_the_operators_own_staff_see_it_too
ERROR tests/test_branding.py::TestResolution::test_unset_fields_fall_back_individually
ERROR tests/test_branding.py::TestResolution::test_the_sender_name_defaults_to_the_product_name
ERROR tests/test_branding.py::TestResolution::test_an_explicit_sender_name_still_wins
ERROR tests/test_branding.py::TestResolution::test_a_broken_lookup_returns_the_default_rather_than_raising
ERROR tests/test_branding.py::TestAssets::test_the_logo_is_served_from_this_deployment_not_a_remote_url
ERROR tests/test_branding.py::TestAssets::test_inlining_produces_a_data_uri_with_no_outbound_reference
ERROR tests/test_branding.py::TestAssets::test_the_bytes_are_not_loaded_unless_asked_for
ERROR tests/test_branding.py::TestTheReport::test_a_white_labelled_report_carries_the_name_palette_and_logo
ERROR tests/test_branding.py::TestTheReport::test_the_report_makes_no_outbound_request_when_rendered
ERROR tests/test_mcp_registry.py::TestValueRefusals::test_a_name_that_could_not_be_a_tool_name_is_refused[]
ERROR tests/test_mcp_registry.py::TestValueRefusals::test_a_name_that_could_not_be_a_tool_name_is_refused[a]
ERROR tests/test_mcp_registry.py::TestValueRefusals::test_a_name_that_could_not_be_a_tool_name_is_refused[vendor server]
ERROR tests/test_mcp_registry.py::TestValueRefusals::test_a_name_that_could_not_be_a_tool_name_is_refused[vendor/../etc]
ERROR tests/test_mcp_registry.py::TestValueRefusals::test_a_name_that_could_not_be_a_tool_name_is_refused[-vendor]
ERROR tests/test_mcp_registry.py::TestValueRefusals::test_a_name_that_could_not_be_a_tool_name_is_refused[vendor-]
ERROR tests/test_mcp_registry.py::TestValueRefusals::test_a_name_that_could_not_be_a_tool_name_is_refused[vendor.example]
ERROR tests/test_mcp_registry.py::TestValueRefusals::test_a_name_is_normalised_to_the_case_the_tool_id_will_carry
ERROR tests/test_mcp_registry.py::TestValueRefusals::test_an_allowlist_entry_that_is_not_a_tool_name_is_refused_not_trimmed
ERROR tests/test_mcp_registry.py::TestValueRefusals::test_bounds_are_refused_outside_their_range
ERROR tests/test_mcp_registry.py::TestValueRefusals::test_a_duplicate_name_within_a_tenant_is_refused
ERROR tests/test_mcp_registry.py::TestValueRefusals::test_the_same_name_in_another_tenant_is_fine
ERROR tests/test_mcp_registry.py::TestClosedDefaults::test_a_server_saved_with_no_further_thought_advertises_nothing
ERROR tests/test_mcp_registry.py::TestClosedDefaults::test_a_disabled_server_is_not_resolved_for_the_agent
ERROR tests/test_mcp_registry.py::TestClosedDefaults::test_an_enabled_server_resolves_with_its_bounds
ERROR tests/test_mcp_registry.py::TestCredentialHandling::test_the_credential_is_ciphertext_at_rest
ERROR tests/test_mcp_registry.py::TestCredentialHandling::test_a_row_whose_credential_will_not_decrypt_is_dropped_not_downgraded
ERROR tests/test_mcp_registry.py::TestCredentialHandling::test_updating_a_credential_re_encrypts_and_leaves_the_rest
ERROR tests/test_mcp_registry.py::TestCredentialHandling::test_another_tenants_row_is_not_updatable_or_deletable
ERROR tests/test_mcp_registry.py::TestRoutes::test_the_console_never_sees_the_credential
ERROR tests/test_mcp_registry.py::TestRoutes::test_the_internal_route_is_reachable_and_is_not_shadowed
ERROR tests/test_mcp_registry.py::TestRoutes::test_the_internal_route_refuses_without_the_token
ERROR tests/test_mcp_registry.py::TestRoutes::test_an_unset_service_token_shuts_the_internal_route_rather_than_opening_it
ERROR tests/test_mcp_registry.py::TestRoutes::test_a_valid_console_session_is_still_refused_plaintext
ERROR tests/test_mcp_registry.py::TestRoutes::test_the_internal_route_requires_a_named_tenant
ERROR tests/test_mcp_registry.py::TestRoutes::test_creating_through_the_route_refuses_a_metadata_target
ERROR tests/test_scim_provisioning.py::TestTokens::test_raw_secret_is_not_recoverable_from_the_row
ERROR tests/test_scim_provisioning.py::TestTokens::test_a_bad_credential_gets_a_scim_error_with_no_detail[Bearer not-a-scim-token]
ERROR tests/test_scim_provisioning.py::TestTokens::test_a_bad_credential_gets_a_scim_error_with_no_detail[Bearer aisoc_scim_deadbeef]
ERROR tests/test_scim_provisioning.py::TestTokens::test_a_bad_credential_gets_a_scim_error_with_no_detail[Bearer ]
ERROR tests/test_scim_provisioning.py::TestTokens::test_no_credential_at_all_is_refused
ERROR tests/test_scim_provisioning.py::TestTokens::test_revoked_and_expired_tokens_are_refused
ERROR tests/test_scim_provisioning.py::TestTokens::test_rotation_leaves_an_overlap_window_then_closes_it
ERROR tests/test_scim_provisioning.py::TestTokens::test_zero_grace_revokes_the_old_secret_at_once
ERROR tests/test_scim_provisioning.py::TestTokens::test_rotation_never_extends_an_earlier_deadline
ERROR tests/test_scim_provisioning.py::TestTokens::test_last_used_is_recorded_so_an_abandoned_integration_is_visible
ERROR tests/test_scim_provisioning.py::TestTokens::test_a_token_addresses_exactly_one_tenant
ERROR tests/test_scim_provisioning.py::TestDiscovery::test_service_provider_config_describes_what_is_implemented
ERROR tests/test_scim_provisioning.py::TestDiscovery::test_resource_types_and_schemas_are_fetchable_individually
ERROR tests/test_scim_provisioning.py::TestDiscovery::test_discovery_requires_a_credential
ERROR tests/test_scim_provisioning.py::TestDiscovery::test_responses_carry_the_scim_content_type
ERROR tests/test_scim_provisioning.py::TestFiltering::test_equality_filter_finds_the_user_a_provider_is_about_to_create
ERROR tests/test_scim_provisioning.py::TestFiltering::test_a_filter_that_matches_nothing_returns_an_empty_list_not_everything
ERROR tests/test_scim_provisioning.py::TestFiltering::test_an_unsupported_filter_is_refused_rather_than_dropped
ERROR tests/test_scim_provisioning.py::TestFiltering::test_username_matching_ignores_case
ERROR tests/test_scim_provisioning.py::TestFiltering::test_external_id_filter_finds_a_renamed_principal
ERROR tests/test_scim_provisioning.py::TestFiltering::test_total_results_counts_the_match_not_the_page
ERROR tests/test_scim_provisioning.py::TestDeprovisioning::test_deactivation_revokes_sessions_and_api_keys
ERROR tests/test_scim_provisioning.py::TestDeprovisioning::test_reactivation_does_not_restore_revoked_api_keys
ERROR tests/test_scim_provisioning.py::TestDeprovisioning::test_delete_deprovisions_rather_than_erasing
ERROR tests/test_scim_provisioning.py::TestDeprovisioning::test_deprovisioning_through_scim_revokes_the_principals_api_keys
ERROR tests/test_scim_provisioning.py::TestRoleMapping::test_membership_grants_the_role_and_removal_takes_it_back
ERROR tests/test_scim_provisioning.py::TestRoleMapping::test_an_unmapped_group_confers_nothing
ERROR tests/test_scim_provisioning.py::TestRoleMapping::test_deleting_the_group_takes_the_role_with_it
ERROR tests/test_scim_provisioning.py::TestProviderSequences::test_okta_shaped_sequence
ERROR tests/test_scim_provisioning.py::TestProviderSequences::test_entra_shaped_sequence
ERROR tests/test_scim_provisioning.py::TestProviderSequences::test_the_string_false_really_deactivates
ERROR tests/test_scim_provisioning.py::TestProviderSequences::test_both_boolean_spellings_work
ERROR tests/test_scim_provisioning.py::TestProviderSequences::test_a_value_that_is_neither_true_nor_false_is_refused
ERROR tests/test_scim_provisioning.py::TestProviderSequences::test_an_unknown_attribute_does_not_fail_the_operation_beside_it
ERROR tests/test_scim_provisioning.py::TestAuditing::test_every_write_lands_in_the_audit_log_naming_the_token
ERROR tests/test_scim_provisioning.py::TestAuditing::test_the_deprovisioning_record_says_what_it_ended
ERROR tests/test_tenant_skills.py::TestToolValidation::test_the_inventory_is_built_from_enabled_servers_only
ERROR tests/test_tenant_skills.py::TestLifecycle::test_a_new_skill_starts_at_version_one_and_draft
ERROR tests/test_tenant_skills.py::TestLifecycle::test_reformatting_keeps_the_version_and_the_backtest
ERROR tests/test_tenant_skills.py::TestLifecycle::test_a_content_edit_bumps_the_version_and_detaches_the_backtest
ERROR tests/test_tenant_skills.py::TestLifecycle::test_activation_refuses_a_skill_with_no_backtest
ERROR tests/test_tenant_skills.py::TestLifecycle::test_activation_refuses_a_backtest_of_a_different_version
ERROR tests/test_tenant_skills.py::TestLifecycle::test_activation_refuses_an_expired_skill
ERROR tests/test_tenant_skills.py::TestLifecycle::test_one_evaluation_cannot_be_its_own_baseline
ERROR tests/test_tenant_skills.py::TestLifecycle::test_activation_stamps_the_version_row_with_the_backtest
ERROR tests/test_tenant_skills.py::TestLifecycle::test_an_expired_active_skill_is_not_served_to_the_agent
ERROR tests/test_tenant_skills.py::TestLifecycle::test_a_retired_skill_keeps_its_history_and_stops_being_served
ERROR tests/test_tenant_skills.py::TestRoutes::test_validate_returns_a_readable_failure_rather_than_a_422
ERROR tests/test_tenant_skills.py::TestRoutes::test_saving_an_invalid_document_is_a_422_with_the_message_verbatim
ERROR tests/test_tenant_skills.py::TestRoutes::test_save_then_read_then_version_history
ERROR tests/test_tenant_skills.py::TestRoutes::test_activating_without_a_backtest_is_a_409_naming_the_reason
ERROR tests/test_tenant_skills.py::TestRoutes::test_another_tenants_skill_is_a_404_rather_than_a_read
ERROR tests/test_tenant_skills.py::TestRoutes::test_the_internal_route_refuses_a_missing_token
ERROR tests/test_tenant_skills.py::TestRoutes::test_the_internal_route_refuses_a_valid_console_session
ERROR tests/test_tenant_skills.py::TestRoutes::test_the_internal_route_serves_only_active_unexpired_skills_for_the_named_tenant
ERROR tests/test_usage_metering.py::TestMetersEqualRowCounts::test_alerts_match_the_row_count_for_that_day
ERROR tests/test_usage_metering.py::TestMetersEqualRowCounts::test_triage_paths_partition_the_alerts_exactly
ERROR tests/test_usage_metering.py::TestMetersEqualRowCounts::test_another_tenants_rows_are_never_counted
ERROR tests/test_usage_metering.py::TestMetersEqualRowCounts::test_tokens_and_cost_sum_the_rows
ERROR tests/test_usage_metering.py::TestMetersEqualRowCounts::test_actions_split_executed_from_the_rest
ERROR tests/test_usage_metering.py::TestMetersEqualRowCounts::test_seats_count_active_users_only
ERROR tests/test_usage_metering.py::TestDayBoundariesDoNotDropOrDoubleCount::test_the_daily_series_sums_to_one_query_over_the_whole_range
ERROR tests/test_usage_metering.py::TestDayBoundariesDoNotDropOrDoubleCount::test_a_row_at_exactly_midnight_is_counted_once
ERROR tests/test_usage_metering.py::TestDayBoundariesDoNotDropOrDoubleCount::test_an_empty_day_reports_zero_rather_than_being_absent
ERROR tests/test_usage_metering.py::TestCsvExport::test_the_csv_carries_totals_that_match_the_rows
ERROR tests/test_usage_metering.py::TestCsvExport::test_the_csv_names_what_was_not_measured
ERROR tests/test_usage_metering.py::TestTheRouteAnswers::test_entitlements_reflect_the_tenant_override_not_the_plan_default
1 failed, 4246 passed, 61 skipped, 124 warnings, 125 errors in 119.28s (0:01:59)
